InternalId,EpsgNbr,EsriNbr,OracleNbr,MapInfoNbr,OemNbr,Oracle9Nbr,CsMapNbr,CsMapName,CtmxName,AdskName,EpsgName,EsriName,OracleName,MapInfoName,OemName,GeoToolsName,OcrName,OgcName,GeoTiffName,Oracle9Name,LegacyName,CnvrsnName,CnvrsnComment,MaintenanceComment,Quality,UserFlag,RfcnQualifier
4001,4001,4001,4001,0,0,1,,,,,Unknown datum based upon the Airy 1830 ellipsoid,GCS_Airy_1830,Unknown datum based upon the Airy 1830 ellipsoid,,,Unknown datum based upon the Airy 1830 ellipsoid,,,,Sinusoidal (WGS 84),,,,,0,0,0
4002,4002,4002,4002,0,0,0,,,,,Unknown datum based upon the Airy Modified 1849 ellipsoid,GCS_Airy_Modified,Unknown datum based upon the Airy Modified 1849 ellipsoid,,,Unknown datum based upon the Airy Modified 1849 ellipsoid,,,,,,,,,0,0,0
4003,4003,4003,4003,0,0,0,,,,,Unknown datum based upon the Australian National Spheroid,GCS_Australian,Unknown datum based upon the Australian National Spheroid,,,Unknown datum based upon the Australian National Spheroid,,,,,,,,,0,0,0
4004,4004,4004,4004,0,0,0,,,,,Unknown datum based upon the Bessel 1841 ellipsoid,GCS_Bessel_1841,Unknown datum based upon the Bessel 1841 ellipsoid,,,Unknown datum based upon the Bessel 1841 ellipsoid,,,,,,,,,0,0,0
4005,4005,4005,4005,0,0,0,,,,,Unknown datum based upon the Bessel Modified ellipsoid,GCS_Bessel_Modified,Unknown datum based upon the Bessel Modified ellipsoid,,,Unknown datum based upon the Bessel Modified ellipsoid,,,,,,,,,0,0,0
4006,4006,4006,4006,0,0,0,,,,,Unknown datum based upon the Bessel Namibia ellipsoid,GCS_Bessel_Namibia,Unknown datum based upon the Bessel Namibia ellipsoid,,,Unknown datum based upon the Bessel Namibia ellipsoid,,,,,,,,,0,0,0
4007,4007,4007,4007,0,0,0,,,,,Unknown datum based upon the Clarke 1858 ellipsoid,GCS_Clarke_1858,Unknown datum based upon the Clarke 1858 ellipsoid,,,Unknown datum based upon the Clarke 1858 ellipsoid,,,,,,,,,0,0,0
4008,4008,4008,4008,0,0,0,,,,,Unknown datum based upon the Clarke 1866 ellipsoid,GCS_Clarke_1866,Unknown datum based upon the Clarke 1866 ellipsoid,,,Unknown datum based upon the Clarke 1866 ellipsoid,,,,,,,,,0,0,0
4009,4009,4009,4009,0,0,0,,,,,Unknown datum based upon the Clarke 1866 Michigan ellipsoid,GCS_Clarke_1866_Michigan,Unknown datum based upon the Clarke 1866 Michigan ellipsoid,,,Unknown datum based upon the Clarke 1866 Michigan ellipsoid,,,,,,,,,0,0,0
4010,4010,4010,4010,0,0,0,,,,,Unknown datum based upon the Clarke 1880 (Benoit) ellipsoid,GCS_Clarke_1880_Benoit,Unknown datum based upon the Clarke 1880 (Benoit) ellipsoid,,,Unknown datum based upon the Clarke 1880 (Benoit) ellipsoid,,,,,,,,,0,0,0
4011,4011,4011,4011,0,0,0,,,,,Unknown datum based upon the Clarke 1880 (IGN) ellipsoid,GCS_Clarke_1880_IGN,Unknown datum based upon the Clarke 1880 (IGN) ellipsoid,,,Unknown datum based upon the Clarke 1880 (IGN) ellipsoid,,,,,,,,,0,0,0
4012,4012,4012,4012,0,0,0,,,,,Unknown datum based upon the Clarke 1880 (RGS) ellipsoid,GCS_Clarke_1880_RGS,Unknown datum based upon the Clarke 1880 (RGS) ellipsoid,,,Unknown datum based upon the Clarke 1880 (RGS) ellipsoid,,,,,,,,,0,0,0
4013,4013,4013,4013,0,0,0,,,,,Unknown datum based upon the Clarke 1880 (Arc) ellipsoid,GCS_Clarke_1880_Arc,Unknown datum based upon the Clarke 1880 (Arc) ellipsoid,,,Unknown datum based upon the Clarke 1880 (Arc) ellipsoid,,,,,,,,,0,0,0
4014,4014,4014,4014,0,0,0,,,,,Unknown datum based upon the Clarke 1880 (SGA 1922) ellipsoid,GCS_Clarke_1880_SGA,Unknown datum based upon the Clarke 1880 (SGA 1922) ellipsoid,,,Unknown datum based upon the Clarke 1880 (SGA 1922) ellipsoid,,,,,,,,,0,0,0
4015,4015,0,4015,0,0,0,,,,,Unknown datum based upon the Everest 1830 (1937 Adjustment) ellipsoid,,Unknown datum based upon the Everest 1830 (1937 Adjustment) ellipsoid,,,Unknown datum based upon the Everest 1830 (1937 Adjustment) ellipsoid,,,,,,,,,0,0,0
4016,4016,4016,4016,0,0,0,,,,,Unknown datum based upon the Everest 1830 (1967 Definition) ellipsoid,GCS_Everest_def_1967,Unknown datum based upon the Everest 1830 (1967 Definition) ellipsoid,,,Unknown datum based upon the Everest 1830 (1967 Definition) ellipsoid,,,,,,,,,0,0,0
4018,4018,4018,4018,0,0,0,,,,,Unknown datum based upon the Everest 1830 Modified ellipsoid,GCS_Everest_Modified,Unknown datum based upon the Everest 1830 Modified ellipsoid,,,Unknown datum based upon the Everest 1830 Modified ellipsoid,,,,,,,,,0,0,0
4019,4019,4019,4019,0,0,0,,,,,Unknown datum based upon the GRS 1980 ellipsoid,GCS_GRS_1980,Unknown datum based upon the GRS 1980 ellipsoid,,,Unknown datum based upon the GRS 1980 ellipsoid,,,,,,,,,0,0,0
4020,4020,4020,4020,0,0,0,,,,,Unknown datum based upon the Helmert 1906 ellipsoid,GCS_Helmert_1906,Unknown datum based upon the Helmert 1906 ellipsoid,,,Unknown datum based upon the Helmert 1906 ellipsoid,,,,,,,,,0,0,0
4021,4021,4021,4021,0,0,0,,,,,Unknown datum based upon the Indonesian National Spheroid,GCS_Indonesian,Unknown datum based upon the Indonesian National Spheroid,,,Unknown datum based upon the Indonesian National Spheroid,,,,,,,,,0,0,0
4022,4022,4022,4022,0,0,0,,,,,Unknown datum based upon the International 1924 ellipsoid,GCS_International_1924,Unknown datum based upon the International 1924 ellipsoid,,,Unknown datum based upon the International 1924 ellipsoid,,,,,,,,,0,0,0
4024,4024,4024,4024,0,0,0,,,,,Unknown datum based upon the Krassowsky 1940 ellipsoid,GCS_Krasovsky_1940,Unknown datum based upon the Krassowsky 1940 ellipsoid,,,Unknown datum based upon the Krassowsky 1940 ellipsoid,,,,,,,,,0,0,0
4025,4025,4025,4025,0,0,0,,,,,Unknown datum based upon the NWL 9D ellipsoid,GCS_NWL_9D,Unknown datum based upon the NWL 9D ellipsoid,,,Unknown datum based upon the NWL 9D ellipsoid,,,,,,,,,0,0,0
4027,4027,4027,4027,0,0,0,,,,,Unknown datum based upon the Plessis 1817 ellipsoid,GCS_Plessis_1817,Unknown datum based upon the Plessis 1817 ellipsoid,,,Unknown datum based upon the Plessis 1817 ellipsoid,,,,,,,,,0,0,0
4028,4028,4028,4028,0,0,0,,,,,Unknown datum based upon the Struve 1860 ellipsoid,GCS_Struve_1860,Unknown datum based upon the Struve 1860 ellipsoid,,,Unknown datum based upon the Struve 1860 ellipsoid,,,,,,,,,0,0,0
4029,4029,4029,4029,0,0,0,,,,,Unknown datum based upon the War Office ellipsoid,GCS_War_Office,Unknown datum based upon the War Office ellipsoid,,,Unknown datum based upon the War Office ellipsoid,,,,,,,,,0,0,0
4030,4030,0,4030,0,0,0,,,,,Unknown datum based upon the WGS 84 ellipsoid,,Unknown datum based upon the WGS 84 ellipsoid,,,Unknown datum based upon the WGS 84 ellipsoid,,,,,,,,,0,0,0
4031,4031,4031,4031,0,0,0,,,,,Unknown datum based upon the GEM 10C ellipsoid,GCS_GEM_10C,Unknown datum based upon the GEM 10C ellipsoid,,,Unknown datum based upon the GEM 10C ellipsoid,,,,,,,,,0,0,0
4032,4032,4032,4032,0,0,0,,,,,Unknown datum based upon the OSU86F ellipsoid,GCS_OSU_86F,Unknown datum based upon the OSU86F ellipsoid,,,Unknown datum based upon the OSU86F ellipsoid,,,,,,,,,0,0,0
4033,4033,4033,4033,0,0,0,,,,,Unknown datum based upon the OSU91A ellipsoid,GCS_OSU_91A,Unknown datum based upon the OSU91A ellipsoid,,,Unknown datum based upon the OSU91A ellipsoid,,,,,,,,,0,0,0
4034,4034,4034,4034,0,0,0,,,,,Unknown datum based upon the Clarke 1880 ellipsoid,GCS_Clarke_1880,Unknown datum based upon the Clarke 1880 ellipsoid,,,Unknown datum based upon the Clarke 1880 ellipsoid,,,,,,,,,0,0,0
4035,4035,4035,4035,0,0,0,,,,,Unknown datum based upon the Authalic Sphere,GCS_Sphere,Unknown datum based upon the Authalic Sphere,,,Unknown datum based upon the Authalic Sphere,,,,,,,,,0,0,0
4036,4036,4036,4036,0,0,0,,,,,Unknown datum based upon the GRS 1967 ellipsoid,GCS_GRS_1967,Unknown datum based upon the GRS 1967 ellipsoid,,,Unknown datum based upon the GRS 1967 ellipsoid,,,,,,,,,0,0,0
4041,4041,0,4041,0,0,0,,,,,Unknown datum based upon the Average Terrestrial System 1977 ellipsoid,,Unknown datum based upon the Average Terrestrial System 1977 ellipsoid,,,Unknown datum based upon the Average Terrestrial System 1977 ellipsoid,,,,,,,,,0,0,0
4042,4042,4042,4042,0,0,0,,,,,Unknown datum based upon the Everest (1830 Definition) ellipsoid,GCS_Everest_1830,Unknown datum based upon the Everest (1830 Definition) ellipsoid,,,Unknown datum based upon the Everest (1830 Definition) ellipsoid,,,,,,,,,0,0,0
4043,4043,0,4043,0,0,0,,,,,Unknown datum based upon the WGS 72 ellipsoid,,Unknown datum based upon the WGS 72 ellipsoid,,,Unknown datum based upon the WGS 72 ellipsoid,,,,,,,,,0,0,0
4044,4044,4044,4044,0,0,0,,,,,Unknown datum based upon the Everest 1830 (1962 Definition) ellipsoid,GCS_Everest_def_1962,Unknown datum based upon the Everest 1830 (1962 Definition) ellipsoid,,,Unknown datum based upon the Everest 1830 (1962 Definition) ellipsoid,,,,,,,,,0,0,0
4045,4045,4045,4045,0,0,0,,,,,Unknown datum based upon the Everest 1830 (1975 Definition) ellipsoid,GCS_Everest_def_1975,Unknown datum based upon the Everest 1830 (1975 Definition) ellipsoid,,,Unknown datum based upon the Everest 1830 (1975 Definition) ellipsoid,,,,,,,,,0,0,0
4047,4047,0,4047,0,0,0,,,,,Unspecified datum based upon the GRS 1980 Authalic Sphere,,Unspecified datum based upon the GRS 1980 Authalic Sphere,,,Unspecified based upon the GRS 1980 Authalic Sphere,,,,,,,,,0,0,0
4052,4052,4052,0,0,0,0,,,,,Unspecified datum based upon the Clarke 1866 Authalic Sphere,GCS_Sphere_Clarke_1866_Authalic,,,,,,,,,,,,,0,0,0
4120,4120,4120,4120,0,0,0,,Greek.LL,Greek.LL,,Greek,GCS_Greek,Greek,,,Greek,,,,,,,,,0,0,0
4121,4121,4121,4121,0,0,0,,GGRS87.LL,Greek/GGRS87.LL,GGRS87.LL,GGRS87,GCS_GGRS_1987,GGRS87,,,GGRS87,,,,,,,,,0,0,0
4122,4122,4122,4122,0,0,0,,LL77,ATS77.LL,LL-ATS77,ATS77,GCS_ATS_1977,ATS77,,,,,,,,,,,,0,0,0
4123,4123,4123,4123,0,0,0,,KKJ.LL,FinlandKKJ.LL,KKJ.LL,KKJ,GCS_KKJ,KKJ,,,KKJ,,,,,,,,,0,0,0
4124,4124,4124,4124,0,0,8288,,LL-RT90,RT90.LL,LL-RT90-7P,RT90,GCS_RT_1990,RT90,,,RT90,,,,Longitude / Latitude (RT 90),,,,,0,0,0
4125,4125,4125,4125,0,0,0,,Samboja.LL,Samboja.LL,Samboja.LL,Samboja,GCS_Samboja,Samboja,,,Samboja,,,,,,,,,0,0,0
4126,4126,4126,4126,0,0,0,,Lithuania94.LL,Lithuania94.LL,Lithuania94.LL,LKS94 (ETRS89),GCS_LKS_1994,LKS94|LKS94 (ETRS89),,,LKS94 (ETRS89),,,,,,,,,0,0,0
4127,4127,4127,4127,0,0,0,,Tete.LL,Tete.LL,Tete.LL,Tete,GCS_Tete,Tete,,,Tete,,,,,,,,,0,0,0
4128,4128,4128,4128,0,0,0,,Madzansua.LL,Madzansua.LL,,Madzansua,GCS_Madzansua,Madzansua,,,Madzansua,,,,,,,,,0,0,0
4129,4129,4129,4129,0,0,0,,Observatario.LL,Observatario.LL,,Observatario,GCS_Observatario,Observatario,,,Observatario,,,,,,,,,0,0,0
4130,4130,4130,4130,0,0,0,,Moznet.LL,Moznet.LL,Moznet.LL,Moznet,GCS_Moznet,Moznet,,,Moznet,,,,,,,,,0,0,0
4131,4131,4131,4131,0,0,0,,Indian60.LL,Indian60.LL,Indian60.LL,Indian 1960,GCS_Indian_1960,Indian 1960,,,Indian 1960,,,,,,,,,0,0,0
4132,4132,4132,4132,0,0,0,,Final58.LL,Final58.LL,Final58.LL,FD58,GCS_FD_1958,FD58,,,FD58,,,,,,,,,0,0,0
4133,4133,4133,4133,0,0,0,,Estonia92,Estonia92,Estonia92,EST92,GCS_Estonia_1992,EST92,,,EST92,,,,,,,,,0,0,0
4134,4134,4134,4134,0,0,0,,PDOSurvey93.LL,PDOSurvey93.LL,PDOSurvey93.LL,PDO Survey Datum 1993,GCS_PDO_1993,PDO Survey Datum 1993,,,PDO Survey Datum 1993,,,,,,,,,0,0,0
4135,4135,4135,4135,0,0,8277,,LL-OLDHI,OldHawaiian.LL,LL-OLDHI,Old Hawaiian,GCS_Old_Hawaiian,Old Hawaiian,,,Old Hawaiian,,,,Longitude / Latitude (Old Hawaiian),,,,,0,0,0
4136,4136,4136,4136,0,0,0,,StLawrence.LL,StLawrence.LL,,St. Lawrence Island,GCS_St_Lawrence_Island,St. Lawrence Island,,,,,,,,,,,,0,0,0
4137,4137,4137,4137,0,0,0,,StPaul.LL,StPaul.LL,,St. Paul Island,GCS_St_Paul_Island,St. Paul Island,,,,,,,,,,,,0,0,0
4138,4138,4138,4138,0,0,0,,StGeorge.LL,StGeorge.LL,,St. George Island,GCS_St_George_Island,St. George Island,,,,,,,,,,,,0,0,0
4139,4139,4139,4139,0,0,8284,,PRVI.LL,PRVI.LL,PRVI.LL,Puerto Rico,GCS_Puerto_Rico,Puerto Rico,,,Puerto Rico,,,,Longitude / Latitude (Puerto Rico),,,,,0,0,0
4140,4140,4140,4140,0,0,0,,LLCSRS,CSRS.LL,LL-CSRS,NAD83(CSRS98),GCS_North_American_1983_CSRS98,NAD83(CSRS98),,,NAD83(CSRS98),,,,,,,,,0,0,0
4141,4141,4141,4141,0,0,0,,Israel.LL,Israel.LL,Israel.LL,Israel,GCS_Israel,Israel,,,Israel,,,,,,,,,0,0,0
4142,4142,4142,4142,0,0,0,,Locodjo65.LL,Locodjo65.LL,Locodjo65.LL,Locodjo 1965,GCS_Locodjo_1965,Locodjo 1965,,,Locodjo 1965,,,,,,,,,0,0,0
4143,4143,4143,4143,0,0,0,,Abidjan87.LL,Abidjan87.LL,Abidjan87.LL,Abidjan 1987,GCS_Abidjan_1987,Abidjan 1987,,,Abidjan 1987,,,,,,,,,0,0,0
4144,4144,4144,4144,0,0,0,,Kalianpur37.LL,Kalianpur37.LL,Kalianpur37.LL,Kalianpur 1937,GCS_Kalianpur_1937,Kalianpur 1937,,,Kalianpur 1937,,,,,,,,,0,0,0
4145,4145,4145,4145,0,0,0,,Kalianpur62.LL,Kalianpur62.LL,Kalianpur62.LL,Kalianpur 1962,GCS_Kalianpur_1962,Kalianpur 1962,,,Kalianpur 1962,,,,,,,,,0,0,0
4146,4146,4146,4146,0,0,0,,Kalianpur75.LL,Kalianpur75.LL,Kalianpur75.LL,Kalianpur 1975,GCS_Kalianpur_1975,Kalianpur 1975,,,Kalianpur 1975,,,,,,,,,0,0,0
4147,4147,4147,4147,0,0,0,,Hanoi72.LL,Hanoi72.LL,Hanoi72.LL,Hanoi 1972,GCS_Hanoi_1972,Hanoi 1972,,,Hanoi 1972,,,,,,,,,0,0,0
4148,4148,4148,4148,0,0,0,,Hartebeesthoek94.LL,Hartebeesthoek94.LL,Hartebeesthoek94.LL,Hartebeesthoek94,GCS_Hartebeesthoek_1994,Hartebeesthoek94,,,Hartebeesthoek94,,,,,,,,,0,0,0
4149,4149,4149,4149,0,0,8210,,LLCH1903,CH1903.LL,LLCH1903,CH1903,GCS_CH1903,CH1903,,,CH1903,,,,Longitude / Latitude (CH 1903),,,,,0,0,0
4150,4150,4150,4150,0,0,0,,CH1903Plus.LL,CH1903Plus.LL,CH1903Plus.LL,CH1903+,GCS_CH1903+,CH1903+,,,CH1903+,,,,,,,,,0,0,0
4151,4151,4151,4151,0,0,0,,CHTRF95.LL,CHTRF95.LL,CHTRF95.LL,CHTRF95,GCS_Swiss_TRF_1995,CHTRF95,,,CHTRF95,,,,,,,,,0,0,0
4152,4152,4152,4152,0,0,0,,LL-HPGN,HARN.LL,LL-HPGN,NAD83(HARN),GCS_North_American_1983_HARN,NAD83(HARN),,,NAD83(HARN),,,,,,,,,0,0,0
4153,4153,4153,4153,0,0,0,,Rassadiran.LL,Rassadiran.LL,Rassadiran.LL,Rassadiran,GCS_Rassadiran,Rassadiran,,,Rassadiran,,,,,,,,,0,0,0
4154,4154,4154,4154,0,0,8223,,Europ50/77.LL,ED50/77.LL,Europ50/77.LL,ED50(ED77),GCS_European_1950_ED77,ED50(ED77),,,ED50(ED77),,,,Longitude / Latitude (ED 50),,,,,0,0,0
4155,4155,4155,4155,0,0,0,,Dabola81.LL,Dabola81.LL,Dabola81.LL,Dabola 1981,GCS_Dabola_1981,Dabola 1981,,,Dabola 1981,,,,,,,,,0,0,0
4156,4156,4156,4156,0,0,0,,,,Czech/JTSK.LL,S-JTSK,GCS_S_JTSK,S-JTSK,,,S-JTSK,,,,,,,,,0,0,0
4157,4157,4157,4157,0,0,0,,MountDillon.LL,MountDillon.LL,,Mount Dillon,GCS_Mount_Dillon,Mount Dillon,,,Mount Dillon,,,,,,,,,0,0,0
4158,4158,4158,4158,0,0,8272,,NAPARIMA.LL,Naparima55.LL,NAPARIMA.LL,Naparima 1955,GCS_Naparima_1955,Naparima 1955,,,Naparima 1955,,,,"Longitude / Latitude (Naparima, BWI)",,,,,0,0,0
4159,4159,4159,4159,0,0,0,,EuropLibyan79.LL,ED79/Lybyan.LL,EuropLibyan79.LL,ELD79,GCS_European_Libyan_Datum_1979,ELD79,,,ELD79,,,,,,,,,0,0,0
4160,4160,4160,4160,0,0,0,,ChosMalal1914.LL,ChosMalal1914.LL,,Chos Malal 1914,GCS_Chos_Malal_1914,Chos Malal 1914,,,Chos Malal 1914,,,,,,,,,0,0,0
4161,4161,4161,4161,0,0,0,,Castillo.LL,Castillo.LL,Castillo.LL,Pampa del Castillo,GCS_Pampa_del_Castillo,Pampa del Castillo,,,Pampa del Castillo,,,,,,,,,0,0,0
4162,4162,4162,4162,0,0,0,,Korean85.LL,Korean85.LL,,Korean 1985,GCS_Korean_Datum_1985,Korean 1985,,,Korean 1985,,,,,,,,,0,0,0
4163,4163,4163,4163,0,0,0,,YemenNtl96.LL,YemenNtl96.LL,YemenNtl96.LL,Yemen NGN96,GCS_Yemen_NGN_1996,Yemen NGN96,,,Yemen NGN96,,,,,,,,,0,0,0
4164,4164,4164,4164,0,0,0,,SouthYemen.LL,SouthYemen.LL,SouthYemen.LL,South Yemen,GCS_South_Yemen,South Yemen,,,South Yemen,,,,,,,,,0,0,0
4165,4165,4165,4165,0,0,0,,Bissau.LL,Bissau.LL,Bissau.LL,Bissau,GCS_Bissau,Bissau,,,Bissau,,,,,,,,,0,0,0
4166,4166,4166,4166,0,0,0,,Korean95.LL,Korean95.LL,Korean95.LL,Korean 1995,GCS_Korean_Datum_1995,Korean 1995,,,Korean 1995,,,,,,,,,0,0,0
4167,4167,4167,4167,0,0,0,,NZGD2000.LL,NZGD2000.LL,NZGD2000.LL,NZGD2000,GCS_NZGD_2000,NZGD2000,,,NZGD2000,,,,,,,,,0,0,0
4168,4168,4168,4168,0,0,0,,Accra.LL,Accra.LL,Accra.LL,Accra,GCS_Accra,Accra,,,Accra,,,,,,,,,0,0,0
4169,4169,37252,4169,0,0,0,,AmSamoa62.LL,AmSamoa62.LL,AmSamoa62.LL,American Samoa 1962,GCS_American_Samoa_1962,American Samoa 1962,,,,,,,,,,,,0,0,0
4170,4170,4170,4170,0,0,0,,GRSSA.LL,GRSSA.LL,GRSSA.LL,SIRGAS,GCS_SIRGAS,SIRGAS,,,SIRGAS,,,,,,,,,0,0,0
4171,4171,4171,4171,0,0,0,,LL-RGF93,RGF93.LL,LL-RGF93,RGF93,GCS_RGF_1993,RGF93,,,RGF93,,,,,,,,,0,0,0
4172,4172,4172,4172,0,0,0,,PGA.LL,PGA.LL,,POSGAR,GCS_POSGAR,POSGAR,,,POSGAR,,,,,,,,,0,0,0
4173,4173,4173,4173,0,0,0,,IRENET95.LL,IRENET95.LL,IRENET95.LL,IRENET95,GCS_IRENET95,IRENET95,,,IRENET95,,,,,,,,,0,0,0
4174,4174,4174,4174,0,0,0,,SierraLeone24.LL,SierraLeone24.LL,,Sierra Leone 1924,GCS_Sierra_Leone_1924,Sierra Leone 1924,,,Sierra Leone 1924,,,,,,,,,0,0,0
4175,4175,4175,4175,0,0,0,,SierraLeone68.LL,SierraLeone68.LL,SierraLeone68.LL,Sierra Leone 1968,GCS_Sierra_Leone_1968,Sierra Leone 1968,,,Sierra Leone 1968,,,,,,,,,0,0,0
4176,4176,4176,4176,0,0,0,,Antarctic98.LL,Antarctic98.LL,Antarctic98.LL,Australian Antarctic,GCS_Australian_Antarctic_1998,Australian Antarctic,,,Australian Antarctic,,,,,,,,,0,0,0
4178,4178,4178,4178,0,0,0,,Pulkovo42/83.LL,Pulkovo42/83.LL,Pulkovo42/83.LL,Pulkovo 1942(83),GCS_Pulkovo_1942_Adj_1983,Pulkovo 1942(83),,,Pulkovo 1942(83),,,,,,,,,0,0,0
4179,4179,4179,4179,0,0,0,,Pulkovo42/58.LL,Pulkovo42/58.LL,Pulkovo42/58.LL,Pulkovo 1942(58),GCS_Pulkovo_1942_Adj_1958,Pulkovo 1942(58),,,Pulkovo 1942(58),,,,,,,,,0,0,0
4180,4180,4180,4180,0,0,0,,Estonia97.LL,Estonia97.LL,Estonia97.LL,EST97,GCS_Estonia_1997,EST97,,,EST97,,,,,,,,,0,0,0
4181,4181,4181,4181,0,0,0,,Luxembourg30.LL,Luxembourg30.LL,Luxembourg30.LL,Luxembourg 1930,GCS_Luxembourg_1930,Luxembourg 1930,,,Luxembourg 1930,,,,,,,,,0,0,0
4182,4182,4182,4182,0,0,8275,,OBSRV66.LL,AzoresOccdtl39.LL,OBSRV66.LL,Azores Occidental 1939,GCS_Azores_Occidental_1939,Azores Occidental 1939,,,Azores Occidental 1939,,,,Longitude / Latitude (Observatorio 1966),,,,,0,0,0
4183,4183,4183,4183,0,0,8299,,AZORES.LL,AzoresCentral48.LL,AZORES.LL,Azores Central 1948,GCS_Azores_Central_1948,Azores Central 1948,,,Azores Central 1948,,,,Longitude / Latitude (Southwest Base),,,,,0,0,0
4184,4184,4184,4184,0,0,8294,,SAOBRAZ.LL,SaoBraz.LL,SAOBRAZ.LL,Azores Oriental 1940,GCS_Azores_Oriental_1940,Azores Oriental 1940,,,Azores Oriental 1940,,,,Longitude / Latitude (Sao Braz),,,,,0,0,0
4185,4185,4185,4185,0,0,0,,Madeira36.LL,Madeira36.LL,,Madeira 1936,GCS_Madeira_1936,Madeira 1936,,,Madeira 1936,,,,,,,,,0,0,0
4188,4188,4188,4188,0,0,0,,OSNI52.LL,OSNI52.LL,OSNI52.LL,OSNI 1952,GCS_OSNI_1952,OSNI 1952,,,OSNI 1952,,,,,,,,,0,0,0
4189,4189,104110,4189,0,0,0,,REGVEN.LL,RedGVen.LL,REGVEN.LL,REGVEN,GCS_REGVEN,REGVEN,,,REGVEN,,,,,,,,,0,0,0
4190,4190,4190,4190,0,0,0,,PGA98.LL|PosGAr98.LL,PGA98.LL,PGA98.LL|PosGAr98.LL,POSGAR 98,GCS_POSGAR_1998,POSGAR 98,,,POSGAR 98,,,,,,,,,0,0,0
4191,4191,4191,4191,0,0,0,,Albanian87.LL,Albanian87.LL,,Albanian 1987,GCS_Albanian_1987,Albanian 1987,,,Albanian 1987,,,,,,,,,0,0,0
4192,4192,4192,4192,0,0,0,,Douala48.LL,Douala48.LL,Douala48.LL,Douala 1948,GCS_Douala_1948,Douala 1948,,,Douala 1948,,,,,,,,,0,0,0
4193,4193,4193,4193,0,0,0,,Manoca62.LL,Manoca62.LL,Manoca62.LL,Manoca 1962,GCS_Manoca_1962,Manoca 1962,,,Manoca 1962,,,,,,,,,0,0,0
4194,4194,4194,4194,0,0,0,,Qornoq27.LL,Qornoq27.LL,Qornoq27.LL,Qornoq 1927,GCS_Qornoq_1927,Qornoq 1927,,,Qornoq 1927,,,,,,,,,0,0,0
4195,4195,4195,4195,0,0,0,,Scoresbysund52.LL,Scoresbysund52.LL,Scoresbysund52.LL,Scoresbysund 1952,GCS_Scoresbysund_1952,Scoresbysund 1952,,,Scoresbysund 1952,,,,,,,,,0,0,0
4196,4196,4196,4196,0,0,0,,Ammassalik58.LL,Ammassalik58.LL,Ammassalik58.LL,Ammassalik 1958,GCS_Ammassalik_1958,Ammassalik 1958,,,Ammassalik 1958,,,,,,,,,0,0,0
4197,4197,0,4234,0,0,0,,GarouaRgs.LL,GarouaRgs.LL,,Garoua,,Garoua,,,Garoua,,,,,,,,,0,0,0
4198,4198,4198,4198,0,0,0,,Kousseri.LL,Kousseri.LL,,Kousseri,GCS_Kousseri,Kousseri,,,Kousseri,,,,,,,,,0,0,0
4199,4199,4199,4199,0,0,0,,Egypt30.LL,Egypt30.LL,,Egypt 1930,GCS_Egypt_1930,Egypt 1930,,,Egypt 1930,,,,,,,,,0,0,0
4200,4200,4200,4200,0,0,0,,Pulkovo95.LL,Pulkovo95.LL,,Pulkovo 1995,GCS_Pulkovo_1995,Pulkovo 1995,,,Pulkovo 1995,,,,,,,,,0,0,0
4201,4201,4201,4201,0,0,8195,,Adindan.LL,Adindan.LL,Adindan.LL,Adindan,GCS_Adindan,Adindan,,,Adindan,,,,Longitude / Latitude (Adindan),,,,,0,0,0
4202,4202,4202,4202,0,0,8193,,LL-AGD66,AGD66.LL,LL-ASTRLA66-Grid,AGD66,GCS_Australian_1966,AGD66|TWD67,,,AGD66,,,,Longitude / Latitude (AGD 66),,,,,0,0,0
4203,4203,4203,4203,0,0,8194,,LL-AGD84,AGD84.LL,LL-AGD84-Grid,AGD84,GCS_Australian_1984,AGD84,,,AGD84,,,,Longitude / Latitude (AGD 84),,,,,0,0,0
4204,4204,4204,4204,0,0,8197,,AinElAbd.LL,AinElAbd.LL,AinElAbd.LL,Ain el Abd,GCS_Ain_el_Abd_1970,Ain el Abd,,,Ain el Abd,,,,Longitude / Latitude (Ain el Abd 1970),,,,,0,0,0
4205,4205,4205,4205,0,0,8196,,Afgooye.LL,Afgooye.LL,Afgooye.LL,Afgooye,GCS_Afgooye,Afgooye,,,Afgooye,,,,Longitude / Latitude (Afgooye),,,,,0,0,0
4206,4206,4206,4206,0,0,0,,Agadez.LL,Agadez.LL,,Agadez,GCS_Agadez,Agadez,,,Agadez,,,,,,,,,0,0,0
4207,4207,4207,4207,0,0,0,,Lisbon37.LL,Lisbon37.LL,Lisbon37.LL,Lisbon,GCS_Lisbon,Lisbon,,,Lisbon,,,,,,,,,0,0,0
4208,4208,4208,4208,0,0,0,,Aratu.LL,Aratu.LL,Aratu.LL,Aratu,GCS_Aratu,Aratu,,,Aratu,,,,,,,,,0,0,0
4209,4209,4209,4209,0,0,8199,,Arc1950.LL,Arc1950.LL,Arc1950.LL/01,Arc 1950,GCS_Arc_1950,Arc 1950,,,Arc 1950,,,,Longitude / Latitude (Arc 1950),,,,,0,0,0
4210,4210,4210,4210,0,0,8200,,Arc1960.LL,Arc1960.LL,Arc1960.LL,Arc 1960,GCS_Arc_1960,Arc 1960,,,Arc 1960,,,,Longitude / Latitude (Arc 1960),,,,,0,0,0
4211,4211,4211,4211,0,0,0,,Batavia.LL|DJAKRTA.LL,Batavia.LL,Batavia.LL|DJAKRTA.LL,Batavia,GCS_Batavia,Batavia,,,Batavia,,,,,,,,,0,0,0
0,0,0,0,0,0,0,,DJAKRTA.LL,,DJAKRTA.LL,_Djakarta_,gcs_Djakarta,_Djakarta,,,_Djakarta,,,,Longitude / Latitude (_Djakarta),,,WKT names invented by CS-MAP developers to distinguish between similar datums.,"The WKT names provided here are bogus, invented to distinguish the DJAKRTA datum which is the same as Batavia, but uses the DMA mulriple regression algorithm.",0,0,0
4212,4212,4212,4212,0,0,0,,Barbados38.LL,Barbados38.LL,Barbados38.LL,Barbados 1938,GCS_Barbados_1938,Barbados 1938,,,Barbados 1938,,,,,,,,,0,0,0
4213,4213,4213,4213,0,0,0,,Beduaram.LL,Beduaram.LL,,Beduaram,GCS_Beduaram,Beduaram,,,Beduaram,,,,,,,,,0,0,0
4214,4214,4214,4214,0,0,0,,Beijing54.LL,Beijing54.LL,Beijing54.LL,Beijing 1954,GCS_Beijing_1954,Beijing 1954,,,Beijing 1954,,,,,,,,,0,0,0
4215,4215,4215,4215,0,0,8206,,Belge50.LL,Belge50.LL,,Belge 1950,GCS_Belge_1950,Belge 1950,,,Belge 1950,,,,Longitude / Latitude (Belgium),,,,,0,0,0
4216,4216,4216,4216,0,0,8208,,Bermuda.LL,Bermuda57.LL,Bermuda.LL,Bermuda 1957,GCS_Bermuda_1957,Bermuda 1957,,,Bermuda 1957,,,,Longitude / Latitude (Bermuda 1957),,,,,0,0,0
4218,4218,4218,4218,0,0,8209,,Bogota.LL,Bogota75.LL,Bogota.LL,Bogota 1975,GCS_Bogota,Bogota 1975,,,Bogota 1975,,,,Longitude / Latitude (Bogota Observatory),,,,,0,0,0
4219,4219,4219,4219,0,0,0,,BukitRimpah.LL,BukitRimpah.LL,BukitRimpah.LL,Bukit Rimpah,GCS_Bukit_Rimpah,Bukit Rimpah,,,Bukit Rimpah,,,,,,,,,0,0,0
4220,4220,4220,4220,0,0,0,,Camacupa.LL,Camacupa.LL,Camacupa.LL,Camacupa,GCS_Camacupa,Camacupa,,,Camacupa,,,,,,,,,0,0,0
4221,4221,4221,4221,0,0,8211,,Campo.LL,Campo.LL,Campo.LL,Campo Inchauspe,GCS_Campo_Inchauspe,Campo Inchauspe,,,Campo Inchauspe,,,,Longitude / Latitude (Campo Inchauspe),,,,,0,0,0
4222,4222,4222,4222,0,0,8214,,Cape-1.LL,Cape.LL,Cape-1.LL,Cape,GCS_Cape,Cape,,,Cape,,,,Longitude / Latitude (Cape),,,,,0,0,0
4223,4223,4223,4223,0,0,8215,,Carthage.LL,Carthage.LL,Carthage.LL,Carthage,GCS_Carthage_Degree,Carthage,,,Carthage,,,,Longitude / Latitude (Carthage),,,,,0,0,0
4224,4224,4224,4224,0,0,8217,,Chua.LL,ChuaAstro.LL,Chua.LL,Chua,GCS_Chua,Chua,,,Chua,,,,Longitude / Latitude (Chua Astro),,,,,0,0,0
4225,4225,4225,2000016,0,0,8218,,Corrego.LL,Corrego.LL,Corrego.LL,Corrego Alegre,GCS_Corrego_Alegre,Corrego Alegre,,,Corrego Alegre,,,,Longitude / Latitude (Corrego Alegre),,,,,0,0,0
4226,4226,4226,4226,0,0,0,,CoteDIvoire.LL,CoteDIvoire.LL,,Cote d'Ivoire,GCS_Cote_d_Ivoire,Cote d'Ivoire,,,Cote d'Ivoire,,,,,,,,,0,0,0
4227,4227,4227,4227,0,0,0,,DeirEzZor.LL,DeirEzZor.LL,DeirEzZor.LL,Deir ez Zor,GCS_Deir_ez_Zor,Deir ez Zor,,,Deir ez Zor,,,,,,,,,0,0,0
4228,4228,4228,4228,0,0,0,,Douala.LL,Douala.LL,,Douala,GCS_Douala,Douala,,,Douala,,,,,,,,,0,0,0
4229,4229,4229,4229,0,0,8276,,Old-Egyp.LL,Egypt07.LL,Old-Egyp.LL,Egypt 1907,GCS_Egypt_1907,Egypt 1907,,,Egypt 1907,,,,Longitude / Latitude (Old Egyptian),,,,,0,0,0
4230,4230,4230,4230,0,0,8223,,LL-ERP50,ED50/Molo.LL,LL-ERP50,ED50,GCS_European_1950,ED50,,,,,,,Longitude / Latitude (ED 50),,,,,0,0,0
4231,4231,4231,4231,0,0,8225,,Europ87.LL,ED87.LL,Europ87.LL,ED87,GCS_European_1987,ED87,,,ED87,,,,Longitude / Latitude (ED 87),,,,,0,0,0
4232,4232,4232,4232,0,0,8278,,Fahud.LL,Fahud.LL,Fahud.LL,Fahud,GCS_Fahud,Fahud,,,Fahud,,,,Longitude / Latitude (Oman),,,,,0,0,0
4233,4233,4233,4233,0,0,8228,,Gandajika.LL,Gandajika.LL,Gandajika.LL,Gandajika 1970,GCS_Gandajika_1970,Gandajika 1970,,,Gandajika 1970,,,,Longitude / Latitude (Gandajika Base),,,,,0,0,0
4234,4234,4234,0,0,0,0,,GarouaIgn.LL,GarouaIgn.LL,,Garoua,GCS_Garoua,,,,Garoua,,,,,,,,,0,0,0
4235,4235,4235,4235,0,0,0,,GuyaneFrancaise.LL,GuyaneFrancaise.LL,,Guyane Francaise,GCS_Guyane_Francaise,Guyane Francaise,,,Guyane Francaise,,,,,,,,,0,0,0
4236,4236,4236,4236,0,0,8233,,HuTzuShan.LL,HuTzuShan.LL,HuTzuShan.LL,Hu Tzu Shan,GCS_Hu_Tzu_Shan,Hu Tzu Shan,,,Hu Tzu Shan,,,,Longitude / Latitude (Hu-Tzu-Shan),,,,,0,0,0
4237,4237,4237,4237,0,0,0,,,Hungarian72.LL,HD-72.LL,HD72,GCS_Hungarian_1972,HD72,,,HD72,,,,,,,,,0,0,0
4238,4238,4238,4238,0,0,0,,Indonesian74.LL,,Indonesian74.LL,ID74,GCS_Indonesian_1974,ID74,,,ID74,,,,,,,,,,,
4239,4239,4239,4239,0,0,0,,Indian54.LL,Indian54.LL,Indian54.LL,Indian 1954,GCS_Indian_1954,Indian 1954,,,Indian 1954,,,,,,,,,0,0,0
4240,4240,4240,4240,0,0,0,,Indian75.LL,Indian75.LL,Indian75.LL,Indian 1975,GCS_Indian_1975,Indian 1975,,,Indian 1975,,,,,,,,,0,0,0
4241,4241,4241,4241,0,0,0,,Jamaica1875.LL,Jamaica1875.LL,,Jamaica 1875,GCS_Jamaica_1875,Jamaica 1875,,,Jamaica 1875,,,,,,,,,0,0,0
4242,4242,4242,4242,0,0,0,,Jamaica69.LL,Jamaica69.LL,Jamaica69.LL,JAD69,GCS_Jamaica_1969,JAD69,,,JAD69,,,,,,,,,0,0,0
4243,4243,4243,4243,0,0,0,,Kalianpur1880.LL,Kalianpur1880.LL,,Kalianpur 1880,GCS_Kalianpur_1880,Kalianpur 1880,,,Kalianpur 1880,,,,,,,,,0,0,0
4244,4244,4244,4244,0,0,8239,,Kandawala.LL,Kandawala.LL,Kandawala.LL,Kandawala,GCS_Kandawala,Kandawala,,,Kandawala,,,,Longitude / Latitude (Kandawala),,,,,0,0,0
4245,4245,4245,4245,0,0,8241,,Kertau48.LL,Kertau48.LL,Kertau48.LL,Kertau 1968,GCS_Kertau,Kertau,,,Kertau,,,,Longitude / Latitude (Kertau 1948),,,,,0,0,0
4246,4246,4246,4246,0,0,0,,KuwaitOilCo.LL,KuwaitOilCo.LL,KuwaitOilCo.LL,KOC,GCS_Kuwait_Oil_Company,KOC,,,KOC,,,,,,,,,0,0,0
4247,4247,4247,4247,0,0,0,,LaCanoa.LL,LaCanoa.LL,LaCanoa.LL,La Canoa,GCS_La_Canoa,La Canoa,,,La Canoa,,,,,,,,,0,0,0
4248,4248,4248,4248,0,0,8282,,LLPSAD56,PSAD56.LL,LLPSAD56,PSAD56,GCS_Provisional_S_American_1956,PSAD56,,,PSAD56,,,,Longitude / Latitude (Provisional South American 1956),,,,,0,0,0
4249,4249,4249,4249,0,0,0,,Lake.LL,Lake.LL,,Lake,GCS_Lake,Lake,,,Lake,,,,,,,,,0,0,0
4250,4250,4250,4250,0,0,0,,Leigon.LL,Leigon.LL,Leigon.LL,Leigon,GCS_Leigon,Leigon,,,Leigon,,,,,,,,,0,0,0
4251,4251,4251,4251,0,0,8243,,Liberia.LL,Liberia.LL,Liberia.LL,Liberia 1964,GCS_Liberia_1964,Liberia 1964,,,Liberia 1964,,,,Longitude / Latitude (Liberia 1964),,,,,0,0,0
4252,4252,4252,4252,0,0,0,,Lome.LL,Lome.LL,,Lome,GCS_Lome,Lome,,,Lome,,,,,,,,,0,0,0
4253,4253,4253,4253,0,0,8246,,Luzon.LL,Luzon.LL,Luzon.LL,Luzon 1911,GCS_Luzon_1911,Luzon 1911,,,Luzon 1911,,,,Longitude / Latitude (Luzon for Philippines),,,,,0,0,0
4254,4254,4254,4254,0,0,8231,,HitoXVIII63.LL,HitoXVIII63.LL,HitoXVIII63.LL,Hito XVIII 1963,GCS_Hito_XVIII_1963,Hito XVIII 1963,,,Hito XVIII 1963,,,,Longitude / Latitude (Hito XVIII 1963),,,,,0,0,0
4255,4255,4255,4255,0,0,0,,HeratNorth.LL,HeratNorth.LL,HeratNorth.LL,Herat North,GCS_Herat_North,Herat North,,,Herat North,,,,,,,,,0,0,0
4256,4256,4256,4256,0,0,8247,,Mahe1971.LL,Mahe1971.LL,Mahe1971.LL,Mahe 1971,GCS_Mahe_1971,Mahe 1971,,,Mahe 1971,,,,Longitude / Latitude (Mahe 1971),,,,,0,0,0
4257,4257,4257,4257,0,0,0,,Makassar.LL,Makassar.LL,Makassar.LL,Makassar,GCS_Makassar,Makassar,,,Makassar,,,,,,,,,0,0,0
4258,4258,4258,4258,0,0,0,,LL-ETRF89,ETRF89.LL,LL-ETRF89,ETRS89,GCS_ETRS_1989,ETRS89,,,ETRS89,,,,,,,,,0,0,0
4259,4259,4259,4259,0,0,0,,Malongo87.LL,Malongo87.LL,Malongo87.LL,Malongo 1987,GCS_Malongo_1987,Malongo 1987,,,Malongo 1987,,,,,,,,,0,0,0
4260,4260,4260,4260,0,0,0,,Manoca.LL,Manoca.LL,Manoca.LL,Manoca,GCS_Manoca,Manoca,,,Manoca,,,,,,,,,0,0,0
4261,4261,4261,4261,0,0,8251,,Merchich,Merchich,Merchich/01,Merchich,GCS_Merchich_Degree,Merchich,,,Merchich,,,,Longitude / Latitude (Merchich),,,,,0,0,0
4262,4262,4262,4262,0,0,8249,,Massawa.LL,Massawa.LL,Massawa.LL,Massawa,GCS_Massawa,Massawa,,,Massawa,,,,Longitude / Latitude (Massawa),,,,,0,0,0
4263,4263,4263,4263,0,0,8253,,Minna.LL,Minna.LL,Minna.LL,Minna,GCS_Minna,Minna,,,Minna,,,,Longitude / Latitude (Minna),,,,,0,0,0
4264,4264,4264,4264,0,0,0,,Mhast.LL,Mhast.LL,Mhast.LL,Mhast,GCS_Mhast,Mhast,,,Mhast,,,,,,,,,0,0,0
4265,4265,4265,2000019,0,0,8291,,ROME1940.LL,MonteMario.LL,ROME1940.LL,Monte Mario,GCS_Monte_Mario,Rome 1940,,,Monte Mario,,,,Longitude / Latitude (Rome 1940),,,,,0,0,0
4266,4266,4266,4266,0,0,0,,Mporaloko.LL,Mporaloko.LL,Mporaloko.LL,M'poraloko,GCS_Mporaloko,M'poraloko,,,M'poraloko,,,,,,,,,0,0,0
4267,4267,4267,4267,0,0,8260,,LL27,NAD27.LL,LL27,NAD27,GCS_North_American_1927,NAD27,,,,,,,NAD 27 (Continental US)|Longitude / Latitude (NAD 27 for Continental US)|NAD 27 (Alaska)|Longitude / Latitude (NAD 27 for Canada),,,,,0,0,0
4268,4268,4268,4268,0,0,0,,MICHIGAN.LL,Michigan.LL,MICHIGAN.LL,NAD27 Michigan,GCS_North_American_Michigan,NAD27 Michigan,,,NAD27 Michigan,,,,NAD 27 (Michigan),,,,,0,0,0
4269,4269,4269,4269,0,0,8265,,LL83,NAD83.LL,LL83,NAD83,GCS_North_American_1983,NAD83,,,,,,,NAD 83 (Continental US)|NAD 83|NAD 83 (Canada)|Longitude / Latitude (NAD 83),,,,,0,0,0
4270,4270,4270,4270,0,0,8269,,NHRWN-O.LL,Nahrwan67.LL,NHRWN-O.LL,Nahrwan 1967,GCS_Nahrwan_1967,Nahrwan 1967,,,Nahrwan 1967,,,,Longitude / Latitude (Nahrwan for Masirah Island),,,,,0,0,0
4271,4271,4271,4271,0,0,0,,Naparima72.LL,Naparima72.LL,Naparima72.LL,Naparima 1972,GCS_Naparima_1972,Naparima 1972,,,Naparima 1972,,,,,,,,,0,0,0
4272,4272,4272,4272,0,0,8229,,LL-NZGD49,NZGD49.LL,LL-GD1949-Grid,NZGD49,GCS_New_Zealand_1949,NZGD49,,,,,,,Longitude / Latitude (Geodetic Datum 1949),,,,,0,0,0
4273,4273,4273,4273,0,0,0,,NGO48.LL,NGO48.LL,NGO48.LL,NGO 1948,GCS_NGO_1948,NGO 1948,,,NGO 1948,,,,,,,,,0,0,0
4274,4274,4274,4274,0,0,8289,,Datum73.LL,Datum73.LL,Datum73.LL,Datum 73,GCS_Datum_73,Datum 73,,,Datum 73,,,,Longitude / Latitude (Melrica 1973)|Longitude / Latitude (D73),,,,,0,0,0
4275,4275,4275,4275,0,0,8266,,NTF.LL,NTF.LL,NTF.LL,NTF,GCS_NTF,NTF,,,NTF,,,,Longitude / Latitude (NTF with Greenwich prime meridian),,,,,0,0,0
4276,4276,4276,4276,0,0,0,,NSWC9Z-2.LL,NSWC9Z-2.LL,,NSWC 9Z-2,GCS_NSWC_9Z_2,NSWC 9Z-2,,,NSWC 9Z-2,,,,,,,,,0,0,0
4277,4277,4277,4277,0,0,8274,,OSGB.LL,OSGB.LL,OSGB.LL,OSGB 1936,GCS_OSGB_1936,OSGB 1936,,,OSGB 1936,,,,Longitude / Latitude (OSGB 36),,,,,0,0,0
4278,4278,4278,4278,0,0,0,,OSGB70.LL,OSGB70.LL,,OSGB70,GCS_OSGB_1970_SN,OSGB70,,,OSGB70,,,,,,,,,0,0,0
4279,4279,4279,4279,0,0,0,,"OS-SN1980,LL","OS-SN1980,LL",,OS(SN)80,GCS_OS_SN_1980,OS(SN)80,,,OS(SN)80,,,,,,,,,0,0,0
4280,4280,4280,4280,0,0,0,,Padang1884.LL,Padang1884.LL,,Padang,GCS_Padang_1884,Padang,,,Padang,,,,,,,,,0,0,0
4281,4281,4281,4281,0,0,0,,Palestine23.LL,Palestine23.LL,Palestine23.LL,Palestine 1923,GCS_Palestine_1923,Palestine 1923,,,Palestine 1923,,,,Palestine 1923,,,,,0,0,0
4282,4282,4282,4282,0,0,0,,PointeNoire.LL,PointeNoire.LL,PointeNoire.LL,Pointe Noire,GCS_Pointe_Noire,Pointe Noire,,,Pointe Noire,,,,,,,,,0,0,0
4283,4283,4283,5807,0,0,8311,,LL-GDA94,GDA94.LL,LL-GDA94,GDA94,GCS_GDA_1994,GDA94,,,GDA94,,,,Longitude / Latitude (GDA 94),,,,,0,0,0
4284,4284,4284,2000005,0,0,8285,,Pulkovo42.LL,Pulkovo42.LL,Pulkovo42.LL,Pulkovo 1942,GCS_Pulkovo_1942,Pulkovo 1942,,,Pulkovo 1942,,,,Longitude / Latitude (Pulkovo 1942),,,,,0,0,0
4285,4285,4285,4285,0,0,0,,Qatar74.LL,Qatar74.LL,Qatar74.LL,Qatar 1974,GCS_Qatar_1974,Qatar 1974,,,Qatar 1974,,,,,,,,,0,0,0
4286,4286,4286,4286,0,0,0,,Qatar48.LL,Qatar48.LL,Qatar48.LL,Qatar 1948,GCS_Qatar_1948,Qatar 1948,,,Qatar 1948,,,,,,,,,0,0,0
0,0,0,0,0,0,8286,,Qatar.LL,,Qatar.LL,,,,,,,,,,Longitude / Latitude (Qatar National),,,,"Ellipsoid on the original definitions, as taken from DMA 8352, is wrong.  Is International 1924, should have been Helmert 1906.  Qatar48.LL is correct.",0,0,0
4288,4288,4288,4288,0,0,0,,LomaQuintana.LL,LomaQuintana.LL,,Loma Quintana,GCS_Loma_Quintana,Loma Quintana,,,Loma Quintana,,,,,,,,,0,0,0
4289,4289,4289,4289,0,0,8273,,Amersfoort.LL,Amersfoort.LL,Amersfoort.LL,Amersfoort,GCS_Amersfoort,Amersfoort,,,Amersfoort,,,,Longitude / Latitude (Netherlands),,,,,0,0,0
4291,4291,4291,4618,0,0,8292,,SAD69.LL,SA1969.LL,SAD69.LL/01,SAD69,GCS_South_American_1969,SAD69,,,SAD69,,,,Longitude / Latitude (SAD 69),,,,,0,0,0
0,0,0,0,0,0,0,,,,SAD69.LL,xSAD69,x_South_American_1969,xSAD69,,,xSAD69,,,,Longitude / Latitude (xSAD 69),,,,,0,0,0
4292,4292,4292,4292,0,0,8295,0,Sapper.LL,,Sapper.LL,Sapper Hill 1943,GCS_Sapper_Hill_1943,Sapper Hill 1943,,,Sapper Hill 1943,,,,Longitude / Latitude (Sapper Hill 1943),,,,,,,
4293,4293,4293,4293,0,0,8296,,Schwarzk.LL,Schwarzeck.LL,Schwarzk.LL,Schwarzeck,GCS_Schwarzeck,Schwarzeck,,,Schwarzeck,,,,Longitude / Latitude (Schwarzeck),,,,,0,0,0
4294,4294,4294,4294,0,0,0,,Segora.LL,Segora.LL,Segora.LL,Segora,GCS_Segora,Segora,,,Segora,,,,,,,,,0,0,0
4295,4295,4295,4295,0,0,0,,Serindung.LL,Serindung.LL,,Serindung,GCS_Serindung,Serindung,,,Serindung,,,,,,,,,0,0,0
4296,4296,4296,4296,0,0,0,,Sudan.LL,Sudan.LL,,Sudan,GCS_Sudan,Sudan,,,Sudan,,,,,,,,,0,0,0
4297,4297,4297,4297,0,0,0,,Tananarive25.LL,Tananarive25.LL,Tananarive25.LL,Tananarive,GCS_Tananarive_1925,Tananarive,,,Tananarive,,,,,,,,,0,0,0
4298,4298,4298,4298,0,0,8300,,TIMBALAI.LL,Timbalai48.LL,TIMBALAI.LL,Timbalai 1948,GCS_Timbalai_1948,Timbalai 1948,,,Timbalai 1948,,,,Longitude / Latitude (Timbalai 1948),,,"This mapping uses the DMA, with multiple regression, definition of the Timbalai 1948 datum.  Using this over TMBLI-B was a rather arbitrary decision.",,0,0,0
4299,4299,4299,4299,0,0,8237,,TM65.LL,TM65.LL,TM65.LL,TM65,GCS_TM65,TM65,,,TM65,,,,Longitude / Latitude (Ireland 1965),,,,,0,0,0
4300,4300,4300,4300,0,0,0,,TM75.LL,TM75.LL,,TM75,GCS_TM75,TM75,,,TM75,,,,,,,,,0,0,0
4301,4301,4301,2000003,0,0,8301,,Tokyo,Tokyo.LL,Tokyo,Tokyo,GCS_Tokyo,Tokyo,,,Tokyo,,,,Longitude / Latitude (Tokyo),,,,,0,0,0
4302,4302,4302,4302,0,0,0,,Trinidad03.LL,Trinidad03.LL,Trinidad03.LL,Trinidad 1903,GCS_Trinidad_1903,Trinidad 1903,,,Trinidad 1903,,,,,,,,,0,0,0
4303,4303,4303,4303,0,0,0,,TrucialCoast48.LL,TrucialCoast48.LL,,TC(1948),GCS_Trucial_Coast_1948,TC(1948),,,TC(1948),,,,,,,,,0,0,0
4304,4304,4304,4304,0,0,0,,Voirol1875.LL,Voirol1875.LL,Voirol1875.LL,Voirol 1875,GCS_Voirol_1875_Degree,Voirol 1875,,,Voirol 1875,,,,,,,,,0,0,0
4306,4306,4306,4306,0,0,0,,Bern38.LL,Bern38.LL,,Bern 1938,GCS_Bern_1938,Bern 1938,,,Bern 1938,,,,,,,,,0,0,0
4307,4307,4307,4307,0,0,0,,NordSahara59.LL,NordSahara59.LL,NordSahara59.LL,Nord Sahara 1959,GCS_Nord_Sahara_1959,Nord Sahara 1959,,,Nord Sahara 1959,,,,,,,,,0,0,0
4308,4308,4308,4308,0,0,0,,Stockholm38.LL,Stockholm38.LL,,RT38,GCS_RT38,RT38,,,RT38,,,,,,,,,0,0,0
4309,4309,4309,4309,0,0,8309,,Yacare.LL,Yacare.LL,Yacare.LL,Yacare,GCS_Yacare,Yacare,,,Yacare,,,,Longitude / Latitude (Yacare),,,,,0,0,0
4310,4310,4310,4310,0,0,0,,Yoff.LL,Yoff.LL,,Yoff,GCS_Yoff,Yoff,,,Yoff,,,,,,,,,0,0,0
4311,4311,4311,4311,0,0,8310,,Zanderij.LL,Zanderij.LL,Zanderij.LL,Zanderij,GCS_Zanderij,Zanderij,,,Zanderij,,,,Longitude / Latitude (Zanderij),,,,,0,0,0
4312,4312,4312,4312,0,0,0,,MGI.LL,MGI.LL,MGI-AT.LL,MGI,GCS_MGI,MGI,,,MGI,,,,,,,,,0,0,0
4313,4313,4313,4313,0,0,0,,Belge72.LL,Belge72.LL,Belge72.LL,Belge 1972,GCS_Belge_1972,Belge 1972,,,Belge 1972,,,,,,,,,0,0,0
4314,4314,4314,4314,0,0,8220,,DHDN.LL,DHDN.LL,DHDN.LL,DHDN,GCS_Deutsches_Hauptdreiecksnetz,DHDN,,,DHDN,,,,Longitude / Latitude (DHDN),,,,,0,0,0
4315,4315,4315,4315,0,0,0,,Conakry05.LL,Conakry05.LL,Conakry05.LL,Conakry 1905,GCS_Conakry_1905,Conakry 1905,,,Conakry 1905,,,,,,,,,0,0,0
4316,4316,4316,4316,0,0,0,,DealulPiscului33.LL,DealulPiscului33.LL,DealulPiscului33.LL,Dealul Piscului 1933,GCS_Dealul_Piscului_1933,Dealul Piscului 1933,,,Dealul Piscului 1933,,,,,,,,,0,0,0
4317,4317,4317,4317,0,0,0,,DealulPiscului70.LL,DealulPiscului70.LL,DealulPiscului70.LL,Dealul Piscului 1970,GCS_Dealul_Piscului_1970,Dealul Piscului 1970,,,Dealul Piscului 1970,,,,,,,,,0,0,0
4318,4318,4318,4318,0,0,0,,NtlGeodeticNet.LL,NtlGeodeticNet.LL,NtlGeodeticNet.LL,NGN,GCS_NGN,NGN,,,NGN,,,,,,,,,0,0,0
4319,4319,4319,4319,0,0,0,,KuwaitUtility.LL,KuwaitUtility.LL,KuwaitUtility.LL,KUDAMS,GCS_KUDAMS,KUDAMS,,,KUDAMS,,,,,,,,,0,0,0
4322,4322,4322,4322,0,0,8306,,LL72,WGS72.LL,LL72,WGS 72,GCS_WGS_1972,WGS 72,,,WGS 72,,,,Longitude / Latitude (WGS 72),,,,,0,0,0
4324,4324,4324,4324,0,0,0,,WGS72-TBE.LL,WGS72/be.LL,WGS72-TBE.LL,WGS 72BE,GCS_WGS_1972_BE,WGS 72BE,,,WGS 72BE,,,,,,,,,0,0,0
4326,4326,4326,2000002,0,0,8192,,LL84,WGS84.LL,LL84,WGS 84,GCS_WGS_1984,WGS 84|TWD97,,,WGS 84,,,,WGS 84|Longitude / Latitude (WGS 84),"WGS84 Lat/Long\'s, Degrees, -180 ==> +180",,,,0,0,0
4600,4600,4600,4600,0,0,0,,Anguilla57.LL,Anguilla57.LL,,Anguilla 1957,GCS_Anguilla_1957,Anguilla 1957,,,Anguilla 1957,,,,,,,,,0,0,0
4601,4601,4601,4601,0,0,0,,Antigua43.LL,Antigua43.LL,Antigua43.LL,Antigua 1943,GCS_Antigua_1943,Antigua 1943,,,Antigua 1943,,,,,,,,,0,0,0
4602,4602,4602,4602,0,0,0,,Dominica45.LL,Dominica45.LL,Dominica45.LL,Dominica 1945,GCS_Dominica_1945,Dominica 1945,,,Dominica 1945,,,,,,,,,0,0,0
4603,4603,4603,4603,0,0,0,,Grenada53.LL,Grenada53.LL,Grenada53.LL,Grenada 1953,GCS_Grenada_1953,Grenada 1953,,,Grenada 1953,,,,,,,,,0,0,0
4604,4604,4404,4604,0,0,0,,Montserrat58.LL,Montserrat58.LL,Montserrat58.LL,Montserrat 1958,GCS_Montserrat_1958,Montserrat 1958,,,Montserrat 1958,,,,,,,,,0,0,0
4605,4605,4605,4605,0,0,0,,StKitts55.LL,StKitts55.LL,StKitts55.LL,St. Kitts 1955,GCS_St_Kitts_1955,St. Kitts 1955,,,St. Kitts 1955,,,,,,,,,0,0,0
4606,4606,4606,4606,0,0,0,,StLucia55.LL,StLucia55.LL,StLucia55.LL,St. Lucia 1955,GCS_St_Lucia_1955,St. Lucia 1955,,,St. Lucia 1955,,,,,,,,,0,0,0
4607,4607,4607,4607,0,0,0,,StVincent45.LL,StVincent45.LL,StVincent45.LL,St. Vincent 1945,GCS_St_Vincent_1945,St. Vincent 1945,,,St. Vincent 1945,,,,,,,,,0,0,0
4608,4608,4608,4608,0,0,0,,NAD27Adj76.LL,NAD27Adj76.LL,,NAD27(76),GCS_NAD_1927_Definition_1976,NAD27(76),,,,,,,,,,,,0,0,0
4609,4609,4609,4609,0,0,0,,NAD27Cgq77.LL,NAD27Cgq77.LL,,NAD27(CGQ77),GCS_NAD_1927_CGQ77,NAD27(CGQ77),,,,,,,,,,,,0,0,0
4610,4610,4610,4610,0,0,0,,Xian80.LL,Xian80.LL,Xian80.LL,Xian 1980,GCS_Xian_1980,Xian 1980,,,Xian 1980,,,,,,,,,0,0,0
4611,4611,104104,4611,0,0,0,,HongKong80.LL,HongKong80.LL,HongKong80.LL,Hong Kong 1980,GCS_Hong_Kong_1980,Hong Kong 1980,,,Hong Kong 1980,,,,,,,,,0,0,0
4612,4612,4612,4612,0,0,0,,JGD2000.LL,JGD2000.LL,JGD2000.LL,JGD2000,GCS_JGD_2000,JGD2000,,,JGD2000,,,,,,,,,0,0,0
4613,4613,4613,4613,0,0,0,,Segara.LL,GunungSegara.LL,Segara.LL,Segara,GCS_Gunung_Segara,Segara,,,Segara,,,,,,,,,0,0,0
4614,4614,4614,4614,0,0,0,,QatarNtl95.LL,QatarNtl95.LL,QatarNtl95.LL,QND95,GCS_QND_1995,QND95,,,QND95,,,,,,,,,0,0,0
4615,4615,4615,4615,0,0,8298,,MADEIRA.LL,PortoSanto.LL,MADEIRA.LL,Porto Santo,GCS_Porto_Santo_1936,Porto Santo,,,Porto Santo,,,,Longitude / Latitude (Southeast Base),,,,,0,0,0
4616,4616,37250,4616,0,0,0,,SelvagemGrande.LL,SelvagemGrande.LL,SelvagemGrande.LL,Selvagem Grande,GCS_Selvagem_Grande_1938,Selvagem Grande,,,Selvagem Grande,,,,,,,,,0,0,0
4617,4617,0,4617,0,0,0,,LL-CSRS,CSRS.LL,LL-CSRS,NAD83(CSRS),,NAD83(CSRS),,,NAD83(CSRS),,,,,,,,,0,0,0
4618,4618,0,0,0,0,8292,,SAD69.LL,SAD69.LL,SAD69.LL/01,SAD69,,,,,,,,,Longitude / Latitude (SAD 69),,,,,0,0,0
4619,4619,4619,4619,0,0,0,,SWEREF99.LL,SWEREF99.LL,SWEREF99.LL,SWEREF99,GCS_SWEREF99,SWEREF99,,,,,,,,,,,,0,0,0
4620,4620,37211,4620,0,0,0,,Point58.LL,Point58.LL,Point58.LL,Point 58,GCS_Point_58,Point 58,,,,,,,,,,,,0,0,0
4621,4621,4621,4621,0,0,0,,FortMarigot.LL,FortMarigot.LL,FortMarigot.LL,Fort Marigot,GCS_Fort_Marigot,Fort Marigot,,,,,,,,,,,,0,0,0
4622,4622,4622,4622,0,0,0,,StAnne.LL,StAnne.LL,StAnne.LL,Guadeloupe 1948,GCS_Sainte_Anne,Sainte Anne,,,,,,,,,,,,0,0,0
4623,4623,4623,4623,0,0,0,,CSG67.LL,CSG67.LL,CSG67.LL,CSG67,GCS_CSG_1967,CSG67,,,,,,,,,,,,0,0,0
4624,4624,4624,4624,0,0,0,,Guyane95.LL,Guyane95.LL,Guyane95.LL,RGFG95,GCS_RGFG_1995,RGFG95,,,,,,,,,,,,0,0,0
4625,4625,4625,4625,0,0,0,,FortDesaix.LL,FortDesaix.LL,FortDesaix.LL,Martinique 1938,GCS_Fort_Desaix,Fort Desaix,,,,,,,,,,,,0,0,0
4626,4626,4626,4626,0,0,8290,,REUNION.LL,REUNION.LL,REUNION.LL,Reunion 1947,GCS_Piton_des_Neiges|GCS_Reunion,Piton des Neiges,,,,,,,Longitude / Latitude (Reunion),,,,,0,0,0
4627,4627,4627,4627,0,0,0,,Reunion92.LL,Reunion92.LL,Reunion92.LL,RGR92,GCS_RGR_1992,RGR92,,,,,,,,,,,,0,0,0
4628,4628,4628,4628,0,0,0,,Tahiti.LL,Tahiti.LL,Tahiti.LL,Tahiti 52,GCS_Tahiti,Tahiti,,,,,,,,,,,,0,0,0
4629,4629,4629,4629,0,0,0,,Tahaa.LL,Tahaa.LL,Tahaa.LL,Tahaa 54,GCS_Tahaa,Tahaa,,,,,,,,,,,,0,0,0
4630,4630,4630,4630,0,0,0,,IGN72NukuHiva.LL,IGN72NukuHiva.LL,IGN72NukuHiva.LL,IGN72 Nuku Hiva,GCS_IGN72_Nuku_Hiva,IGN72 Nuku Hiva,,,,,,,,,,,,0,0,0
4631,4631,4631,4631,0,0,0,,K01949.LL,K01949.LL,K01949.LL,K0 1949,GCS_K0_1949,K0 1949,,,,,,,,,,,,0,0,0
4632,4632,4632,4632,0,0,0,,Combani50.LL,Combani50.LL,Combani50.LL,Combani 1950,GCS_Combani_1950,Combani 1950,,,,,,,,,,,,0,0,0
4633,4633,4633,4633,0,0,0,,IGN56Lifou.LL,IGN56Lifou.LL,IGN56Lifou.LL,IGN56 Lifou,GCS_IGN56_Lifou,IGN56 Lifou,,,,,,,,,,,,0,0,0
4635,4635,4635,4635,0,0,0,,ST87Ouvea.LL,ST87Ouvea.LL,ST87Ouvea.LL,ST87 Ouvea,GCS_ST87_Ouvea,ST87 Ouvea,,,,,,,,,,,,0,0,0
4636,4636,4636,4636,0,0,0,,Petrels72.LL,Petrels72.LL,Petrels72.LL,Petrels 1972,GCS_Petrels_1972,Petrels 1972,,,,,,,,,,,,0,0,0
4637,4637,4637,4637,0,0,0,,Perroud50.LL,Perroud50.LL,Perroud50.LL,Perroud 1950,GCS_Pointe_Geologie_Perroud_1950,Perroud 1950,,,,,,,,,,,,0,0,0
4638,4638,4638,4638,0,0,0,,Miquelon50.LL,Miquelon50.LL,Miquelon50.LL,Saint Pierre et Miquelon 1950,GCS_Saint_Pierre_et_Miquelon_1950,Saint Pierre et Miquelon 1950,,,,,,,,,,,,0,0,0
4639,4639,4639,4639,0,0,0,,MOP78.LL,MOP78.LL,MOP78.LL,MOP78,GCS_MOP78,MOP78,,,,,,,,,,,,0,0,0
4640,4640,4640,4640,0,0,0,,Antilles91.LL,Antilles91.LL,Antilles91.LL,RRAF 1991,GCS_RRAF_1991,RRAF 1991,,,,,,,,,,,,0,0,0
4641,4641,4641,4641,0,0,0,,IGN53/Mare.LL,IGN53/Mare.LL,IGN53/Mare.LL,IGN53 Mare,GCS_IGN53_Mare,IGN53 Mare,,,,,,,,,,,,0,0,0
4642,4642,4642,4642,0,0,0,,ST84IleDesPins.LL,ST84IleDesPins.LL,ST84IleDesPins.LL,ST84 Ile des Pins,GCS_ST84_Ile_des_Pins,ST84 Ile des Pins,,,,,,,,,,,,0,0,0
4643,4643,4643,4643,0,0,0,,ST71Belep.LL,ST71Belep.LL,ST71Belep.LL,ST71 Belep,GCS_ST71_Belep,ST71 Belep,,,,,,,,,,,,0,0,0
4644,4644,4644,4644,0,0,0,,NEA74Noumea.LL,NEA74Noumea.LL,NEA74Noumea.LL,NEA74 Noumea,GCS_NEA74_Noumea,NEA74 Noumea,,,,,,,,,,,,0,0,0
4645,4645,4645,4645,0,0,0,,Caledonie91.LL,Caledonie91.LL,Caledonie91.LL,RGNC 1991,GCS_RGNC_1991,RGNC 1991,,,,,,,,,,,,0,0,0
4646,4646,4646,4646,0,0,0,,GrandComoros.LL,GrandComoros.LL,,Grand Comoros,GCS_Grand_Comoros,Grand Comoros,,,,,,,,,,,,0,0,0
4657,4657,4657,4657,0,0,0,,Reykjavik.LL,Reykjavik.LL,Reykjavik.LL,Reykjavik 1900,GCS_Reykjavik_1900,Reykjavik 1900,,,,,,,,,,,,0,0,0
4658,4658,37204,4658,0,0,0,,HJORSEY.LL,Hjorsey55.LL,HJORSEY.LL,Hjorsey 1955,GCS_Hjorsey_1955,Hjorsey 1955,,,,,,,,,,,,0,0,0
4659,4659,4659,4659,0,0,0,,IslandsNet1993.LL,IslandsNetwork 1993.LL,IslandsNet1993.LL|ISN93.LL,ISN93,GCS_ISN_1993,ISN93,,,,,,,,,,,,0,0,0
4660,4660,4660,4660,0,0,0,,Helle1954.LL,Helle1954.LL,Helle1954.LL,Helle 1954,GCS_Helle_1954,Helle 1954,,,,,,,,,,,,0,0,0
4661,4661,4661,4661,0,0,0,,Latvia1992.LL,Latvia1992.LL,Latvia1992.LL,LKS92,GCS_LKS_1992,LKS92,,,,,,,,,,,,0,0,0
4662,4662,4662,4662,0,0,0,,IGN72GrandeTerre.LL|IGN72GrandTerre.LL,IGN72/GrandeTerre.LL,IGN72GrandeTerre.LL|IGN72GrandTerre.LL,IGN72 Grande Terre|IGN72 Grand Terre,GCS_IGN72_Grande_Terre,IGN72 Grande Terre|IGN72 Grand Terre,,,,,,,,,,,,0,0,0
4663,4663,4663,4663,0,0,0,,PortoSanto1995.LL,PortoSanto1995.LL,PortoSanto1995.LL,Porto Santo 1995,GCS_Porto_Santo_1995,Porto Santo 1995,,,,,,,,,,,,0,0,0
4664,4664,4664,4664,0,0,0,,AzoresOriental1995.LL,AzoresOriental1995.LL,AzoresOriental1995.LL,Azores Oriental 1995,GCS_Azores_Oriental_1995,Azores Oriental 1995,,,,,,,,,,,,0,0,0
4665,4665,4665,4665,0,0,0,,AzoresCentral1995.LL,AzoresCentral1995.LL,AzoresCentral1995.LL,Azores Central 1995,GCS_Azores_Central_1995,Azores Central 1995,,,,,,,,,,,,0,0,0
4666,4666,4666,4666,0,0,0,,Lisbon1890.LL,Lisbon1890.LL,Lisbon1890.LL,Lisbon 1890,GCS_Lisbon_1890,Lisbon 1890,,,,,,,,,,,,0,0,0
4667,4667,4667,4667,0,0,0,,IraqKuwait1992.LL,IraqKuwaitBoundary1992.LL,IraqKuwait1992.LL,IKBD-92,GCS_IKBD_1992,IKBD-92,,,,,,,,,,,,0,0,0
4668,4668,4668,4668,0,0,8224,,EUROP79.LL,ED79.LL,EUROP79.LL,ED79,GCS_European_1979,ED79,,,,,,,Longitude / Latitude (ED 79),,,,,0,0,0
4669,4669,4669,4669,0,0,0,,Lithuania94.LL,Lithuania94.LL,Lithuania94.LL,LKS94,GCS_LKS_1994,LKS94,,,,,,,,,,,,0,0,0
4670,4670,4670,4670,0,0,0,,IGM1995.LL,IGM1995.LL,IGM1995.LL,IGM95,GCS_IGM_1995,IGM95,,,,,,,,,,,,0,0,0
4671,4671,4671,4671,0,0,0,,Voirol1879.LL,Voirol1879.LL,,Voirol 1879,GCS_Voirol_1879,Voirol 1879,,,,,,,,,,,,0,0,0
4672,4672,4672,0,0,0,8216,,CHATHAM.LL,Chatham1971.LL,CHATHAM.LL,CI1971,GCS_Chatham_Island_1971,,,,,,,,Longitude / Latitude (Chatham 1971),,,,,0,0,0
4673,4673,4673,0,0,0,0,,Chatham1979.LL,Chatham1979.LL,Chatham1979.LL,CI1979,GCS_Chatham_Islands_1979,,,,,,,,,,,,,0,0,0
4674,4674,4674,0,0,0,0,,SRG-SA/2000.LL,SRG-SA/2000.LL,SRG-SA/2000.LL,SIRGAS 2000,GCS_SIRGAS_2000,,,,,,,,,,,,,0,0,0
4675,4675,37220,0,0,0,8230,,GUAM63.LL,Guam63.LL,GUAM63.LL,Guam 1963,GCS_Guam_1963,,,,,,,,Longitude / Latitude (Guam 1963),,,,,0,0,0
4676,4676,4676,0,0,0,0,,Vientiane1982.LL,Vientiane1982.LL,,Vientiane 1982,GCS_Vientiane_1982,,,,,,,,,,,,,0,0,0
4677,4677,4677,0,0,0,0,,Lao1993.LL,Lao1993.LL,,Lao 1993,GCS_Lao_1993,,,,,,,,,,,,,0,0,0
4678,4678,4678,0,0,0,0,,Lao1997.LL,Lao1997.LL,Lao1997.LL,Lao 1997,GCS_Lao_1997,,,,,,,,,,,,,0,0,0
4679,4679,4679,0,0,0,0,,Jouik1961.LL,Jouik1961.LL,Jouik1961.LL,Jouik 1961,GCS_Jouik_1961,,,,,,,,,,,,,0,0,0
4680,4680,4680,0,0,0,0,,Nouakchott1965.LL,Nouakchott1965.LL,Nouakchott1965.LL,Nouakchott 1965,GCS_Nouakchott_1965,,,,,,,,,,,,,0,0,0
4681,4681,4681,0,0,0,0,,Mauritania1999.LL,Mauritania1999.LL,Mauritania1999.LL,Mauritania 1999,GCS_Mauritania_1999,,,,,,,,,,,,,0,0,0
4682,4682,4682,0,0,0,0,,Gulshan-303.LL,Gulshan-303.LL,Gulshan-303.LL,Gulshan 303,GCS_Gulshan_303,,,,,,,,,,,,,0,0,0
4683,4683,0,0,0,0,0,,Philippine1992.LL,Philippine1992.LL,Philippine1992.LL,PRS92,,,,,,,,,,,,,,0,0,0
4684,4684,37232,0,0,0,0,,Gan1970.LL,Gan70.LL,Gan1970.LL,Gan 1970,GCS_Gan_1970,,,,,,,,,,,,,0,0,0
4685,4685,0,0,0,0,0,,Gandajika.LL,Gandajika.LL,Gandajika.LL,Gandajika,,,,,,,,,,,,,,0,0,0
4686,4686,0,0,0,0,0,,MarcoGNR.LL,MarcoGNR.LL,MarcoGNR.LL,MAGNA-SIRGAS,GCS_MAGNA,,,,,,,,,,,,,0,0,0
4687,4687,0,0,0,0,0,,RGP-Francaise.LL,RGP-Francaise.LL,RGP-Francaise.LL,RGPF,,,,,,,,,,,,,,0,0,0
4688,4688,0,0,0,0,0,,FatuIva/72.LL,FatuIva/72.LL,FatuIva/72.LL,Fatu Iva 72,,,,,,,,,,,,,,0,0,0
4689,4689,0,0,0,0,0,,IGN63/Hiva Oa.LL,IGN63/Hiva Oa.LL,IGN63/Hiva Oa.LL,IGN63 Hiva Oa,,,,,,,,,,,,,,0,0,0
4690,4690,0,0,0,0,0,,Tahiti79.LL,Tahiti79.LL,,Tahiti 79,,,,,,,,,,,,,,0,0,0
4691,4691,0,0,0,0,0,,Moorea87.LL,Moorea87.LL,Moorea87.LL,Moorea 87,,,,,,,,,,,,,,0,0,0
4692,4692,0,0,0,0,0,,Maupiti83.LL,Maupiti83.LL,Maupiti83.LL,Maupiti 83,,,,,,,,,,,,,,0,0,0
4693,4693,0,0,0,0,0,,Nakhl-eGhanem.LL,Nakhl-eGhanem.LL,Nakhl-eGhanem.LL,Nakhl-e Ghanem,,,,,,,,,,,,,,0,0,0
4694,4694,0,0,0,0,0,,PGA1994.LL,PGA1994.LL,,POSGAR 94,,,,,,,,,,,,,,0,0,0
4695,4695,0,0,0,0,0,,Katanga1955.LL,Katanga1955.LL,,Katanga 1955,,,,,,,,,,,,,,0,0,0
4696,4696,0,0,0,0,0,,Kasai1953.LL,Kasai1953.LL,,Kasai 1953,,,,,,,,,,,,,,0,0,0
4697,4697,0,0,0,0,0,,IGC1962/6S.LL,IGC1962/6S.LL,,IGC 1962 6th Parallel South,,,,,,,,,,,,,,0,0,0
4698,4698,37234,0,0,0,8240,,KERGUELN.LL,Kergueln.LL,KERGUELN.LL,IGN 1962 Kerguelen,GCS_Kerguelen_Island_1949,,,,,,,,Longitude / Latitude (Kerguelen Island),,,,,0,0,0
4699,4699,0,0,0,0,0,,LePouce1934.LL,LePouce1934.LL,LePouce1934.LL,Le Pouce 1934,,,,,,,,,,,,,,0,0,0
4700,4700,0,0,0,0,0,,IGNAstro1960.LL,IGNAstro1960.LL,,IGN Astro 1960,,,,,,,,,,,,,,0,0,0
4701,4701,0,0,0,0,0,,CongoBelge1955.LL,CongoBelge1955.LL,CongoBelge1955.LL,IGCB 1955,,,,,,,,,,,,,,0,0,0
4702,4702,0,0,0,0,0,,Mauritania1999.LL,Mauritania1999.LL,Mauritania1999.LL,Mauritania 1999,,,,,,,,,,,,,,0,0,0
4703,4703,0,0,0,0,0,,SaoTome1951.LL,SaoTome1951.LL,,Mhast 1951,,,,,,,,,,,,,,0,0,0
4704,4704,0,0,0,0,0,,Mhast/OnShore.LL,Mhast/OnShore.LL,,Mhast (onshore),,,,,,,,,,,,,,0,0,0
4705,4705,0,0,0,0,0,,Mhast/OffShore.LL,Mhast/OffShore.LL,,Mhast (offshore),,,,,,,,,,,,,,0,0,0
4706,4706,0,0,0,0,0,,Suez/S-650/TL.LL,Suez/S-650/TL.LL,,Egypt Gulf of Suez S-650 TL,,,,,,,,,,,,,,0,0,0
4707,4707,37213,0,0,0,0,,Tern1961.LL,TernIsland61.LL,Tern1961.LL,Tern Island 1961,GCS_Tern_Island_1961,,,,,,,,,,,,,0,0,0
4708,4708,0,0,0,0,0,,Cocos1965.LL,Cocos1965.LL,Cocos1965.LL,Cocos Islands 1965,,,,,,,,,,,,,,0,0,0
4709,4709,0,0,0,0,0,,IwoJima1945.LL,IwoJima1945.LL,IwoJima1945.LL,Iwo Jima 1945,,,,,,,,,,,,,,0,0,0
4710,4710,0,0,0,0,0,,StHelena1971.LL,StHelena1971.LL,StHelena1971.LL,St. Helena 1971,,,,,,,,,,,,,,0,0,0
4711,4711,0,0,0,0,0,,Marcus1952.LL,Marcus1952.LL,Marcus1952.LL,Marcus Island 1952,,,,,,,,,,,,,,0,0,0
4712,4712,37237,2000031,0,0,8201,,ASCENSN.LL,Ascension58.LL,ASCENSN.LL,Ascension Island 1958,GCS_Ascension_Island_1958,Ascension Island 1958,,,,,,,Longitude / Latitude (Ascension Island 1958),,,,,0,0,0
4713,4713,0,0,0,0,0,,Ayabelle.LL,Ayabelle.LL,Ayabelle.LL,Ayabelle Lighthouse,,,,,,,,,,,,,,0,0,0
4714,4714,37215,0,0,0,8207,,BELLEVUE.LL,Bellevue/IGN.LL,BELLEVUE.LL,Bellevue,GCS_Bellevue_IGN,,,,,,,,Longitude / Latitude (Bellevue),,,,,0,0,0
4715,4715,0,0,0,0,0,,CampAreaAstro.LL,CampAreaAstro.LL,CampAreaAstro.LL,Camp Area Astro,,,,,,,,,,,,,,0,0,0
4716,4716,0,0,0,0,0,,Phoenix Is1966.LL,PhoenixIsland1966.LL,Phoenix Is1966.LL,Phoenix Islands 1966,,,,,,,,,,,,,,0,0,0
4717,4717,37239,0,0,0,8213,,CANAVRL.LL,Canaveral.LL,CANAVRL.LL,Cape Canaveral,GCS_Cape_Canaveral,,,,,,,,Longitude / Latitude (Cape Canaveral),,,,,0,0,0
4718,4718,0,0,0,0,0,,Solomon1968.LL,Solomon1968.LL,Solomon1968.LL,Solomon 1968,,,,,,,,,,,,,,0,0,0
4719,4719,37219,0,0,0,8226,,EASTER.LL,EasterIs67.LL,EASTER.LL,Easter Island 1967,GCS_Easter_Island_1967,,,,,,,,Longitude / Latitude (Easter Island 1967),,,,,0,0,0
4720,4720,0,0,0,0,0,,Fiji1986.LL,Fiji1986.LL,Fiji1986.LL,Fiji 1986,,,,,,,,,,,,,,0,0,0
4721,4721,0,0,0,0,0,,Fiji1956.LL,Fiji1956.LL,Fiji1956.LL,Fiji 1956,,,,,,,,,,,,,,0,0,0
4722,4722,0,0,0,0,0,,SouthGeorgia1968.LL,SouthGeorgia1968.LL,SouthGeorgia1968.LL,South Georgia 1968,,,,,,,,,,,,,,0,0,0
4723,4723,0,0,0,0,0,,GrandCayman1959.LL,GrandCayman1959.LL,GrandCayman1959.LL,Grand Cayman 1959,,,,,,,,,,,,,,0,0,0
4724,4724,0,0,0,0,0,,DiegoGarcia1969.LL,DiegoGarcia1969.LL,DiegoGarcia1969.LL,Diego Garcia 1969,,,,,,,,,,,,,,0,0,0
4725,4725,37222,0,0,0,8238,,JHNSTN.LL,JohnstonIs61.LL,JHNSTN.LL,Johnston Island 1961,GCS_Johnston_Island_1961,,,,,,,,Longitude / Latitude (Johnston Island 1961),,,,,0,0,0
4726,4726,0,0,0,0,0,,LittleCayman1961.LL,LittleCayman1961.LL,LittleCayman1961.LL,Little Cayman 1961,,,,,,,,,,,,,,0,0,0
4727,4727,37224,0,0,0,8252,,MIDWAY.LL,MidwayAstro.LL,MIDWAY.LL,Midway 1961,GCS_Midway_1961,,,,,,,,Longitude / Latitude (Midway Astro 1961),,,,,0,0,0
4728,4728,37246,0,0,0,0,,CANARY.LL,PicoDeLasNieves.LL,CANARY.LL,Pico de la Nieves,GCS_Pico_de_Las_Nieves,,,,,,,,,,,,,0,0,0
4729,4729,37226,0,0,0,8280,,PITCAIRN.LL,Pitcairn67.LL,PITCAIRN.LL,Pitcairn 1967,GCS_Pitcairn_1967,,,,,,,,Longitude / Latitude (Pitcairn Astro 1967),,,,,0,0,0
4730,4730,0,0,0,0,0,,Santo1965.LL,Santo1965.LL,Santo1965.LL,Santo 1965,,,,,,,,,,,,,,0,0,0
4731,4731,37228,0,0,0,8303,,VITI.LL,VitiLevu16.LL,VITI.LL,Viti Levu 1916,GCS_Viti_Levu_1916,,,,,,,,Longitude / Latitude (Viti Levu 1916),,,,,0,0,0
4732,4732,0,0,0,0,0,,Marshalls1960.LL,Marshall-Islands1960.LL,Marshalls1960.LL,Marshall Islands 1960,,,,,,,,,,,,,,0,0,0
4733,4733,37230,0,0,0,0,,Wake1952.LL,WakeIs52.LL,Wake1952.LL,Wake Island 1952,GCS_Wake_Island_1952,,,,,,,,,,,,,0,0,0
4734,4734,37251,0,0,0,8302,,TRISTAN.LL,TristanAstro68.LL,TRISTAN.LL,Tristan 1968,GCS_Tristan_1968,,,,,,,,Longitude / Latitude (Tristan Astro 1968),,,,,0,0,0
4735,4735,37259,0,0,0,0,,Kusaie1951.LL,Kusaie51.LL,Kusaie1951.LL,Kusaie 1951,GCS_Kusaie_1951,,,,,,,,,,,,,0,0,0
4736,4736,37254,0,0,0,0,,DeceptionIsland.LL,DeceptionIs.LL,DeceptionIsland.LL,Deception Island,GCS_Deception_Island,,,,,,,,,,,,,0,0,0
4737,4737,0,0,0,0,0,,Korean2000.LL,Korean2000.LL,Korean2000.LL,Korea 2000,,,,,,,,,,,,,,0,0,0
4738,4738,37205,0,0,0,8232,,HONGKONG.LL,HongKong63.LL,HONGKONG.LL,Hong Kong 1963,GCS_Hong_Kong_1963,,,,,,,,Longitude / Latitude (Hong Kong 1963),,,,,0,0,0
4739,4739,0,0,0,0,0,,HongKong1963/67.LL,HongKong1963/67.LL,HongKong1963/67.LL,Hong Kong 1963(67),,,,,,,,,,,,,,0,0,0
4740,4740,0,0,0,0,0,,ParametropZemp1990.LL,ParametropZemp1990.LL,ParametropZemp1990.LL,PZ-90,,,,,,,,,,,,,,0,0,0
4741,4741,0,0,0,0,0,,Faroe1954.LL,Faroe1954.LL,,FD54,,,,,,,,,,,,,,0,0,0
4742,4742,0,0,0,0,0,,GDM2000.LL,GDM2000.LL,,GDM2000,,,,,,,,,,,,,,0,0,0
4743,4743,0,0,0,0,0,,Karbala1979/P.LL,Karbala1979/P.LL,Karbala1979/P.LL,Karbala 1979 (Polservice),,,,,,,,,,,,,,0,0,0
4744,4744,0,0,0,0,0,,Nahrwan1934.LL,Nahrwan1934.LL,,Nahrwan 1934,,,,,,,,,,,,,,0,0,0
4745,4745,0,0,0,0,8289,,Rauenberg83.LL,Rauenberg83.LL,,RD/83,,,,,,,,,Longitude / Latitude (Rauenberg),,,,,0,0,0
4746,4746,0,0,0,0,8281,,Potsdam83.LL,Potsdam83.LL,,PD/83,,,,,,,,,Longitude / Latitude (Potsdam),,,,,0,0,0
4747,4747,0,0,0,0,0,,Greenland1996.LL,Greenland1996.LL,Greenland1996.LL,GR96,,,,,,,,,,,,,,0,0,0
4748,4748,0,0,0,0,0,,VanuaLevu1915.LL,VanuaLevu1915.LL,VanuaLevu1915.LL,Vanua Levu 1915,,,,,,,,,,,,,,0,0,0
4749,4749,0,0,0,0,0,,RGN-Caledonie/91-93.LL,RGN-Caledonie/91-93.LL,RGN-Caledonie/91-93.LL,RGNC91-93,,,,,,,,,,,,,,0,0,0
4750,4750,0,0,0,0,0,,ST87/Ouvea.LL,ST87/Ouvea.LL,ST87/Ouvea.LL,ST87 Ouvea,,,,,,,,,,,,,,0,0,0
4751,4751,0,0,0,0,0,,Kertau/RSO.LL,Kertau/RSO.LL,,Kertau (RSO),,,,,,,,,,,,,,0,0,0
4752,4752,0,0,0,0,0,,VitiLevu1912.LL,VitiLevu1912.LL,VitiLevu1912.LL,Viti Levu 1912,,,,,,,,,,,,,,0,0,0
4753,4753,0,0,0,0,0,,FK1989.LL,FK1989.LL,,fk89,,,,,,,,,,,,,,0,0,0
4754,4754,0,0,0,0,0,,Libyan2006.LL,Libyan2006.LL,Libyan2006.LL,LGD2006,,,,,,,,,,,,,,0,0,0
4755,4755,0,0,0,0,0,,Nasional1995.LL,Nasional1995.LL,Nasional1995.LL,DGN95,,,,,,,,,,,,,,0,0,0
4756,4756,0,0,0,0,0,,Vietnam2000.LL,Vietnam2000.LL,,VN-2000,,,,,,,,,,,,,,0,0,0
4801,4801,4801,4801,0,0,0,,Bern1898.LL.Bern,Bern1898.LL.Bern,,Bern 1898 (Bern),GCS_Bern_1898_Bern,Bern 1898 (Bern),,,Bern 1898 (Bern),,,,,,,,,0,0,0
4802,4802,4802,4802,0,0,0,,Bogota75.LL.Bogota,Bogota75.LL.Bogota,,Bogota 1975 (Bogota),GCS_Bogota_Bogota,Bogota 1975 (Bogota),,,Bogota 1975 (Bogota),,,,,,,,,0,0,0
4803,4803,4803,4803,0,0,0,,Lisbon37.LL.Lisbon,Lisbon37.LL.Lisbon,,Lisbon (Lisbon),GCS_Lisbon_Lisbon,Lisbon (Lisbon),,,Lisbon (Lisbon),,,,,,,,,0,0,0
4804,4804,4804,4804,0,0,0,,Makassar.LL.Jakarta,Makassar.LL.Jakarta,,Makassar (Jakarta),GCS_Makassar_Jakarta,Makassar (Jakarta),,,Makassar (Jakarta),,,,,,,,,0,0,0
4805,4805,4805,4805,0,0,0,,MGI.LL.Ferro,MGI.LL.Ferro,MGI-AT/F.LL,MGI (Ferro),GCS_MGI_Ferro,MGI (Ferro),,,MGI (Ferro),,,,,,,,,0,0,0
4806,4806,4806,4806,0,0,0,,MonteMario.LL.Rome,MonteMario.LL.Rome,,Monte Mario (Rome),GCS_Monte_Mario_Rome,Monte Mario (Rome),,,Monte Mario (Rome),,,,,,,,,0,0,0
4807,4807,4807,4807,0,0,8267,,NTF.LL.Paris.Grad,NTF.LL.Paris.Grad,LL-NTF-Grid,NTF (Paris),GCS_NTF_Paris,NTF (Paris),,,NTF (Paris),,,,Longitude / Latitude (NTF with Paris prime meridian),,,,,0,0,0
4808,4808,4808,4808,0,0,0,,Padang1884.LL.Jakarta,Padang1884.LL.Jakarta,,Padang (Jakarta),GCS_Padang_1884_Jakarta,Padang (Jakarta),,,Padang (Jakarta),,,,,,,,,0,0,0
4809,4809,4809,4809,0,0,0,,Belge50.LL.Brussels,Belge50.LL.Brussels,,Belge 1950 (Brussels),GCS_Belge_1950_Brussels,Belge 1950 (Brussels),,,Belge 1950 (Brussels),,,,,,,,,0,0,0
4810,4810,4810,4810,0,0,0,,Tananarive25.LL.Paris,Tananarive25.LL.Paris,,Tananarive (Paris),GCS_Tananarive_1925_Paris,Tananarive (Paris),,,Tananarive (Paris),,,,,,,,,0,0,0
4811,4811,4811,4811,0,0,0,,Voirol1875.LL.Paris.Grd,Voirol1875.LL.Paris.Grad,,Voirol 1875 (Paris),GCS_Voirol_1875_Paris,Voirol 1875 (Paris),,,Voirol 1875 (Paris),,,,,,,,,0,0,0
4813,4813,4813,4813,0,0,0,,Batavia.LL.Jakarta,Batavia.LL.Jakarta,,Batavia (Jakarta),GCS_Batavia_Jakarta,Batavia (Jakarta),,,Batavia (Jakarta),,,,,,,,,0,0,0
4814,4814,4814,4814,0,0,0,,Stockholm38.LL.Sthlm,Stockholm38.LL.Stockholm,,RT38 (Stockholm),GCS_RT38_Stockholm,RT38 (Stockholm),,,RT38 (Stockholm),,,,,,,,,0,0,0
4815,4815,4815,4815,0,0,0,,Greek.LL.Athens,Greek.LL.Athens,,Greek (Athens),GCS_Greek_Athens,Greek (Athens),,,Greek (Athens),,,,,,,,,0,0,0
4816,4816,4816,4816,0,0,8215,,Carthage.LL.Paris.Grad,Carthage.LL.Paris.Grad,,Carthage (Paris),GCS_Carthage_Paris,Carthage (Paris),,,Carthage (Paris),,,,,,,,,0,0,0
4817,4817,4817,4817,0,0,0,,NGO48.LL.Oslo,NGO48.LL.Oslo,,NGO 1948 (Oslo),GCS_NGO_1948_Oslo,NGO 1948 (Oslo),,,NGO 1948 (Oslo),,,,,,,,,0,0,0
4818,4818,4818,4818,0,0,0,,SJTSK.LL.Ferro,SJTSK.LL.Ferro,,S-JTSK (Ferro),GCS_S_JTSK_Ferro,S-JTSK (Ferro),,,S-JTSK (Ferro),,,,,,,,,0,0,0
4819,4819,4819,4819,0,0,0,,NordSahara1959.LL.Paris,NordSahara1959.Paris.LL,,Nord Sahara 1959 (Paris),GCS_Nord_Sahara_1959_Paris,Nord Sahara 1959 (Paris),,,Nord Sahara 1959 (Paris),,,,,,,,,0,0,0
4820,4820,4820,4820,0,0,0,,GunungSegara.LL.Jkrt,GunungSegara.Jakarta.LL,,Segara (Jakarta),GCS_Gunung_Segara_Jakarta,Segara (Jakarta),,,Segara (Jakarta),,,,,,,,,0,0,0
4821,4821,4821,4821,0,0,0,,Voirol1879.LL.Paris,Voirol1879.Paris.LL,,Voirol 1879 (Paris),GCS_Voirol_1879_Paris,Voirol 1879 (Paris),,,,,,,,,,,,0,0,0
4898,4898,0,0,0,0,0,,Nasional1995.LL,Nasional1995.LL,Nasional1995.LL,DGN95,,,,,,,,,,,,,,0,0,0
4900,4900,0,0,0,0,0,,Libyan2006.LL,Libyan2006.LL,Libyan2006.LL,LGD2006,,,,,,,,,,,,,,0,0,0
4901,4901,4901,4901,0,0,0,,ATF.LL.Paris,ATF.LL.Paris,,ATF (Paris),GCS_ATF_Paris,ATF (Paris),,,ATF (Paris),,,,,,,,,0,0,0
4902,4902,4902,4902,0,0,0,,NDG.LL.Paris,NDG.LL.Paris,,NDG (Paris),GCS_Nord_de_Guerre_Paris,NDG (Paris),,,NDG (Paris),,,,,,,,,0,0,0
4903,4903,4903,4903,0,0,0,,Madrid1870.LL.Madrid,Madrid1870.Madrid.LL,,Madrid 1870 (Madrid),GCS_Madrid_1870_Madrid,Madrid 1870 (Madrid),,,Madrid 1870 (Madrid),,,,,,,,,0,0,0
4904,4904,4904,4904,0,0,0,,Lisbon1890.LL.Lisbon,Lisbon1890.Lisbon.LL,,Lisbon 1890 (Lisbon),GCS_Lisbon_1890_Lisbon,Lisbon 1890 (Lisbon),,,Lisbon 1890 (Lisbon),,,,,,,,,0,0,0
4907,4907,0,0,0,0,0,,RGN-Caledonie/91-93.LL,RGN-Caledonie/91-93.LL,RGN-Caledonie/91-93.LL,RGNC91-93,,,,,,,,,,,,,,0,0,0
4909,4909,0,0,0,0,0,,Greenland1996.LL,Greenland1996.LL,Greenland1996.LL,GR96,,,,,,,,,,,,,,0,0,0
4921,4921,0,0,0,0,0,,GDM2000.LL,GDM2000.LL,,GDM2000,,,,,,,,,,,,,,0,0,0
4923,4923,0,0,0,0,0,,ParametropZemp1990.LL,ParametropZemp1990.LL,ParametropZemp1990.LL,PZ-90,,,,,,,,,,,,,,0,0,0
4925,4925,0,0,0,0,0,,Mauritania1999.LL,Mauritania1999.LL,Mauritania1999.LL,Mauritania 1999,,,,,,,,,,,,,,0,0,0
4927,4927,0,0,0,0,0,,Korean2000.LL,Korean2000.LL,Korean2000.LL,Korea 2000,,,,,,,,,,,,,,0,0,0
4929,4929,0,0,0,0,0,,PGA1994.LL,PGA1994.LL,,POSGAR 94,,,,,,,,,,,,,,0,0,0
4931,4931,0,0,0,0,0,,Antarctic98.LL,Antarctic98.LL,Antarctic98.LL,Australian Antarctic,,,,,,,,,,,,,,0,0,0
4933,4933,0,0,0,0,0,,CHTRF95.LL,CHTRF95.LL,CHTRF95.LL,CHTRF95,,,,,,,,,,,,,,0,0,0
4935,4935,0,0,0,0,0,,Estonia97.LL,Estonia97.LL,Estonia97.LL,EST97,,,,,,,,,,,,,,0,0,0
4937,4937,0,0,0,0,0,,ETRF89.LL,ETRF89.LL,,ETRS89,,,,,,,,,,,,,,0,0,0
4939,4939,0,0,0,0,8229,,GDA94.LL,GDA94.LL,,GDA94,,,,,,,,,Longitude / Latitude (Geodetic Datum 1949),,,,,0,0,0
4941,4941,0,0,0,0,0,,Hartebeesthoek94.LL,Hartebeesthoek94.LL,Hartebeesthoek94.LL,Hartebeesthoek94,,,,,,,,,,,,,,0,0,0
4943,4943,0,0,0,0,0,,IRENET95.LL,Ireland95.LL,IRENET95.LL,IRENET95,,,,,,,,,,,,,,0,0,0
4945,4945,0,0,0,0,0,,IslandsNet1993.LL,IslandsNetwork 1993.LL,IslandsNet1993.LL,ISN93,,,,,,,,,,,,,,0,0,0
4947,4947,0,0,0,0,0,,JGD2000.LL,JGD2000.LL,JGD2000.LL,JGD2000,,,,,,,,,,,,,,0,0,0
4949,4949,0,0,0,0,0,,Latvia1992.LL,Latvia1992.LL,Latvia1992.LL,LKS92,,,,,,,,,,,,,,0,0,0
4951,4951,0,0,0,0,0,,Lithuania94.LL,Lithuania94.LL,Lithuania94.LL,LKS94,,,,,,,,,,,,,,0,0,0
4953,4953,0,0,0,0,0,,Moznet.LL,Moznet.LL,Moznet.LL,Moznet,,,,,,,,,,,,,,0,0,0
4955,4955,0,0,0,0,0,,CSRS.LL,CSRS.LL,,NAD83(CSRS),,,,,,,,,,,,,,0,0,0
4957,4957,0,0,0,0,0,,HARN.LL,HARN.LL,,NAD83(HARN),,,,,,,,,,,,,,0,0,0
4959,4959,0,0,0,0,0,,NZGD2000.LL,NZGD2000.LL,NZGD2000.LL,NZGD2000,,,,,,,,,,,,,,0,0,0
4963,4963,0,0,0,0,0,,REGVEN.LL,RedGVen.LL,REGVEN.LL,REGVEN,,,,,,,,,,,,,,0,0,0
4965,4965,0,0,0,0,0,,RGF93.LL,RGF93.LL,,RGF93,,,,,,,,,,,,,,0,0,0
4967,4967,0,0,0,0,0,,Guyane95.LL,Guyane95.LL,Guyane95.LL,RGFG95,,,,,,,,,,,,,,0,0,0
4969,4969,0,0,0,0,0,,Caledonie91.LL,Caledonie91.LL,Caledonie91.LL,RGNC 1991,,,,,,,,,,,,,,0,0,0
4971,4971,0,0,0,0,0,,Reunion92.LL,Reunion92.LL,Reunion92.LL,RGR92,,,,,,,,,,,,,,0,0,0
4973,4973,0,0,0,0,0,,Antilles91.LL,Antilles91.LL,Antilles91.LL,RRAF 1991,,,,,,,,,,,,,,0,0,0
4975,4975,0,0,0,0,0,,GRSSA.LL,GRSSA.LL,GRSSA.LL,SIRGAS,,,,,,,,,,,,,,0,0,0
4977,4977,0,0,0,0,0,,SWEREF99.LL,SWEREF99.LL,SWEREF99.LL,SWEREF99,,,,,,,,,,,,,,0,0,0
4979,4979,0,0,0,0,0,,WGS84.LL,WGS84.LL,,WGS 84,,,,,,,,,,,,,,0,0,0
4981,4981,0,0,0,0,0,,YemenNtl96.LL,YemenNtl96.LL,YemenNtl96.LL,Yemen NGN96,,,,,,,,,,,,,,0,0,0
4983,4983,0,0,0,0,0,,IGM1995.LL,IGM1995.LL,IGM1995.LL,IGM95,,,,,,,,,,,,,,0,0,0
4985,4985,0,0,0,0,0,,WGS72.LL,WGS72.LL,,WGS 72,,,,,,,,,,,,,,0,0,0
4987,4987,0,0,0,0,0,,WGS72-TBE.LL,WGS72-TBE.LL,WGS72-TBE.LL,WGS 72BE,,,,,,,,,,,,,,0,0,0
4989,4989,0,0,0,0,0,,SRG-SA/2000.LL,SRG-SA/2000.LL,SRG-SA/2000.LL,SIRGAS 2000,,,,,,,,,,,,,,0,0,0
4991,4991,0,0,0,0,0,,Lao1993.LL,Lao1993.LL,,Lao 1993,,,,,,,,,,,,,,0,0,0
4993,4993,0,0,0,0,0,,Lao1997.LL,Lao1997.LL,Lao1997.LL,Lao 1997,,,,,,,,,,,,,,0,0,0
4995,4995,0,0,0,0,0,,Philippine1992.LL,Philippine1992.LL,Philippine1992.LL,PRS92,,,,,,,,,,,,,,0,0,0
4999,4999,0,0,0,0,0,,RGP-Francaise.LL,RGP-Francaise.LL,RGP-Francaise.LL,RGPF,,,,,,,,,,,,,,0,0,0
100004023,0,4023,0,0,0,0,,,International1967.LL,,,GCS_International_1967,,,,,,,,,,,,,0,0,0
100004217,0,4217,0,0,0,0,,Bern1898.LL,Bern1898.LL,,,GCS_Bern_1898,,,,,,,,,,,,,0,0,0
100004305,0,4305,0,0,0,0,,,,,,GCS_Voirol_Unifie_1960,,,,,,,,,,,,,0,0,0
100004812,0,4812,0,0,0,0,,,,,,GCS_Voirol_Unifie_1960_Paris,,,,,,,,,,,,,0,0,0
100037001,0,37001,0,0,0,0,,,WGS66.LL,,,GCS_WGS_1966,,,,,,,,,,,,,0,0,0
100037002,0,37002,0,0,0,0,,,,,,GCS_Fischer_1960,,,,,,,,,,,,,0,0,0
100037003,0,37003,0,0,0,0,,,,,,GCS_Fischer_1968,,,,,,,,,,,,,0,0,0
100037004,0,37004,0,0,0,0,,,,,,GCS_Fischer_Modified,,,,,,,,,,,,,0,0,0
100037005,0,37005,0,0,0,0,,,,,,GCS_Hough_1960,,,,,,,,,,,,,0,0,0
100037006,0,37006,0,0,0,0,,,,,,GCS_Everest_Modified_1969,,,,,,,,,,,,,0,0,0
100037007,0,37007,0,0,0,0,,,,,,GCS_Walbeck,,,,,,,,,,,,,0,0,0
100037008,0,37008,0,0,0,0,,,,,,GCS_Sphere_ARC_INFO,,,,,,,,,,,,,0,0,0
100037201,0,37201,0,0,0,8224,,EUROP79.LL,ED79.LL,EUROP79.LL,,GCS_European_1979,,,,,,,,Longitude / Latitude (ED 79),,,,,0,0,0
100037202,0,37202,0,0,0,0,,,Everest/Bangladesh.LL,,,GCS_Everest_Bangladesh,,,,,,,,,,,,,0,0,0
100037203,0,37203,0,0,0,0,,,,,,GCS_Everest_India_Nepal,,,,,,,,,,,,,0,0,0
100037207,0,37207,0,0,0,8297,,SINGAPR.LL,Singapore.LL,SINGAPR.LL,,GCS_South_Asia_Singapore,,,,,,,,Longitude / Latitude (South Asia),,,,,0,0,0
100037208,0,37208,0,0,0,0,,Ayabelle.LL,Ayabelle.LL,Ayabelle.LL,,GCS_Ayabelle,,,,,,,,,,,,,0,0,0
100037212,0,37212,0,0,0,0,,,BeaconE45.LL,,,GCS_Beacon_E_1945,,,,,,,,,,,,,0,0,0
100037214,0,37214,0,0,0,8205,,ASTATN52.LL,AstronomicStation52.LL,ASTATN52.LL,,GCS_Astro_1952,,,,,,,,Longitude / Latitude (Astronomic Station 1952),,,,,0,0,0
100037216,0,37216,0,0,0,8212,,CANTON.LL,Canton.LL,CANTON.LL,,GCS_Canton_1966,,,,,,,,Longitude / Latitude (Canton Astro 1966),,,,,0,0,0
100037217,0,37217,0,0,0,8216,,CHATHAM.LL,Chatham.LL,CHATHAM.LL,,GCS_Chatham_Island_1971,,,,,,,,Longitude / Latitude (Chatham 1971),,,,,0,0,0
100037218,0,37218,0,0,0,8222,,DOS1968.LL,DOS1968.LL,DOS1968.LL,,GCS_DOS_1968,,,,,,,,Longitude / Latitude (DOS 1968),,,,,0,0,0
100037221,0,37221,0,0,0,8227,,GUX1.LL,GUX1.LL,GUX1.LL,,GCS_GUX_1,,,,,,,,Longitude / Latitude (GUX 1 Astro),,,,,0,0,0
100037223,0,37223,0,0,0,0,,,,,,GCS_Carthage_Degree,,,,,,,,,,,,,0,0,0
100037227,0,37227,0,0,0,0,,,SantoDOS65.LL,,,GCS_Santo_DOS_1965,,,,,,,,,,,,,0,0,0
100037229,0,37229,0,0,0,0,,,,,,GCS_Wake_Eniwetok_1960,,,,,,,,,,,,,0,0,0
100037231,0,37231,0,0,0,8198,,ANNA65.LL,Anna1Astro65.LL,ANNA65.LL,,GCS_Anna_1_1965,,,,,,,,Longitude / Latitude (Anna 1 Astro 1965),,,,,0,0,0
100037233,0,37233,0,0,0,8234,,ISTS69.LL,ISTS69.LL,ISTS69.LL,,GCS_ISTS_073_1969,,,,,,,,Longitude / Latitude (ISTS 073 Astro 1969),,,,,0,0,0
100037238,0,37238,0,0,0,0,,ADOS714.LL,,ADOS714.LL,,GCS_DOS_71_4,,,,,,,,,,,,,0,0,0
100037240,0,37240,0,0,0,0,,,FortThomas.LL,,,GCS_Fort_Thomas_1955,,,,,,,,,,,,,0,0,0
100037241,0,37241,0,0,0,0,,,,,,GCS_Graciosa_Base_SW_1948,,,,,,,,,,,,,0,0,0
100037242,0,37242,0,0,0,0,,,ISTS68.LL,,,GCS_ISTS_061_1968,,,,,,,,,,,,,0,0,0
100037243,0,37243,0,0,0,8242,,L-C5.LL,LC5Astro.LL,L-C5.LL,,GCS_LC5_1961,,,,,,,,Longitude / Latitude (LC 5 Astro),,,,,0,0,0
100037245,0,37245,0,0,0,0,,,,,,GCS_Observ_Meteorologico_1939,,,,,,,,,,,,,0,0,0
100037246,0,37246,0,0,0,0,,,PicoLasNieves.LL,,,GCS_Pico_de_Las_Nieves,,,,,,,,,,,,,0,0,0
100037247,0,37247,0,0,0,0,,,,,,GCS_Porto_Santo_1936,,,,,,,,,,,,,0,0,0
100037249,0,37249,0,0,0,0,,SAOBRAZ.LL,,SAOBRAZ.LL,,GCS_Sao_Braz,,,,,,,,,,,,,0,0,0
100037253,0,37253,0,0,0,0,,,CampArea.LL,,,GCS_Camp_Area,,,,,,,,,,,,,0,0,0
100037255,0,37255,0,0,0,0,,,,,,GCS_Gunung_Segara,,,,,,,,,,,,,0,0,0
100037257,0,37257,0,0,0,0,,,Hungary42.LL,,,GCS_S42_Hungary,,,,,,,,,,,,,0,0,0
100037260,0,37260,0,0,0,0,,,AlaskanIslands.LL,,,GCS_Alaskan_Islands,,,,,,,,,,,,,0,0,0
100104000,0,104000,0,0,0,0,,,,LL27,,GCS_Assumed_Geographic_1,,,,,,,,,,,,,0,0,0
100104101,0,104101,0,0,0,0,,,,,,GCS_Estonia_1937,,,,,,,,,,,,,0,0,0
100104102,0,104102,0,0,0,0,,,Hermannskogel.LL,,,GCS_Hermannskogel,,,,,,,,,,,,,0,0,0
100104103,0,104103,0,0,0,0,,,SierraLeone60.LL,,,GCS_Sierra_Leone_1960,,,,,,,,,,,,,0,0,0
100104105,0,104105,0,0,0,0,,,Lisboa/Bessel.LL,,,GCS_Datum_Lisboa_Bessel,,,,,,,,,,,,,0,0,0
100104106,0,104106,0,0,0,0,,,Lisboa/Hayford.LL,,,GCS_Datum_Lisboa_Hayford,,,,,,,,,,,,,0,0,0
100104107,0,104107,0,0,0,0,,,,,,GCS_RGF_1993,,,,,,,,,,,,,0,0,0
100104108,0,104108,0,0,0,0,,,,,,GCS_NZGD_2000,,,,,,,,,,,,,0,0,0
100104109,0,104109,0,0,0,0,,,,,,GCS_Pohnpei,,,,,,,,,,,,,0,0,0
100104111,0,104111,0,0,0,0,,,,,,GCS_JGD_2000,,,,,,,,,,,,,0,0,0
100104112,0,104112,0,0,0,0,,,,,,GCS_Bab_South,,,,,,,,,,,,,0,0,0
100104113,0,104113,0,0,0,0,,,,,,GCS_Majuro,,,,,,,,,,,,,0,0,0
100104114,0,104114,0,0,0,0,,,,,,GCS_Bermuda_2000,,,,,,,,,,,,,0,0,0
100104115,0,104115,0,0,0,0,,,,,,GCS_ITRF_1988,,,,,,,,,,,,,0,0,0
100104116,0,104116,0,0,0,0,,,,,,GCS_ITRF_1989,,,,,,,,,,,,,0,0,0
100104117,0,104117,0,0,0,0,,,,,,GCS_ITRF_1990,,,,,,,,,,,,,0,0,0
100104118,0,104118,0,0,0,0,,,,,,GCS_ITRF_1991,,,,,,,,,,,,,0,0,0
100104119,0,104119,0,0,0,0,,,,,,GCS_ITRF_1992,,,,,,,,,,,,,0,0,0
100104120,0,104120,0,0,0,0,,,,,,GCS_ITRF_1993,,,,,,,,,,,,,0,0,0
100104121,0,104121,0,0,0,0,,,,,,GCS_ITRF_1994,,,,,,,,,,,,,0,0,0
100104122,0,104122,0,0,0,0,,,,,,GCS_ITRF_1996,,,,,,,,,,,,,0,0,0
100104123,0,104123,0,0,0,0,,,,,,GCS_ITRF_1997,,,,,,,,,,,,,0,0,0
100104124,0,104124,0,0,0,0,,,,,,GCS_ITRF_2000,,,,,,,,,,,,,0,0,0
100104125,0,104125,0,0,0,0,,,,,,GCS_Chatham_Islands_1979,,,,,,,,,,,,,0,0,0
100104126,0,104126,0,0,0,0,,,,,,GCS_Observatorio_Meteorologico_1965,,,,,,,,,,,,,0,0,0
100104127,0,104127,0,0,0,0,,,,,,GCS_Roma_1940,,,,,,,,,,,,,0,0,0
100104128,0,104128,0,0,0,0,,,,,,GCS_Sphere_EMEP,,,,,,,,,,,,,0,0,0
100104129,0,104129,0,0,0,0,,,,,,GCS_EUREF_FIN,,,,,,,,,,,,,0,0,0
100104130,0,104130,0,0,0,0,,,,,,GCS_Jordan,,,,,,,,,,,,,0,0,0
100104131,0,104131,0,0,0,0,,,,,,GCS_D48,,,,,,,,,,,,,0,0,0
100104132,0,104132,0,0,0,0,,,,,,GCS_Ocotepeque_1935,,,,,,,,,,,,,0,0,0
100104133,0,104133,0,0,0,0,,,,,,GCS_JAD_2001,,,,,,,,,,,,,0,0,0
100104134,0,104134,0,0,0,0,,,,,,GCS_MONREF_1997,,,,,,,,,,,,,0,0,0
100104135,0,104135,0,0,0,0,,,,,,GCS_MSK_1942,,,,,,,,,,,,,0,0,0
100104258,0,104258,0,0,0,0,,,,LL-ETRS89,,GCS_ETRF_1989,rt_ETRF89,,,,,,,,,,,,0,0,0
100104261,0,104261,0,0,0,0,,,,,,GCS_Merchich_Degree,,,,,,,,,,,,,0,0,0
100104305,0,104305,0,0,0,0,,,Voirol1875.LL,,,GCS_Voirol_Unifie_1960_Degree,,,,,,,,,,,,,0,0,0
100104700,0,104700,0,0,0,0,,LL-HPGN,HARN.LL,LL-HPGN,NAD83(HARN),GCS_NAD_1983_HARN_Adj_MN_Anoka,,,,,,,,,,,,,0,0,0
100104701,0,104701,0,0,0,0,,LL-HPGN,HARN.LL,LL-HPGN,NAD83(HARN),GCS_NAD_1983_HARN_Adj_MN_Becker,,,,,,,,,,,,,0,0,0
100104702,0,104702,0,0,0,0,,LL-HPGN,HARN.LL,LL-HPGN,NAD83(HARN),GCS_NAD_1983_HARN_Adj_MN_Beltrami_North,,,,,,,,,,,,,0,0,0
100104703,0,104703,0,0,0,0,,LL-HPGN,HARN.LL,LL-HPGN,NAD83(HARN),GCS_NAD_1983_HARN_Adj_MN_Beltrami_South,,,,,,,,,,,,,0,0,0
100104704,0,104704,0,0,0,0,,LL-HPGN,HARN.LL,LL-HPGN,NAD83(HARN),GCS_NAD_1983_HARN_Adj_MN_Benton,,,,,,,,,,,,,0,0,0
100104705,0,104705,0,0,0,0,,LL-HPGN,HARN.LL,LL-HPGN,NAD83(HARN),GCS_NAD_1983_HARN_Adj_MN_Big_Stone,,,,,,,,,,,,,0,0,0
100104706,0,104706,0,0,0,0,,LL-HPGN,HARN.LL,LL-HPGN,NAD83(HARN),GCS_NAD_1983_HARN_Adj_MN_Blue_Earth,,,,,,,,,,,,,0,0,0
100104707,0,104707,0,0,0,0,,LL-HPGN,HARN.LL,LL-HPGN,NAD83(HARN),GCS_NAD_1983_HARN_Adj_MN_Brown,,,,,,,,,,,,,0,0,0
100104708,0,104708,0,0,0,0,,LL-HPGN,HARN.LL,LL-HPGN,NAD83(HARN),GCS_NAD_1983_HARN_Adj_MN_Carlton,,,,,,,,,,,,,0,0,0
100104709,0,104709,0,0,0,0,,LL-HPGN,HARN.LL,LL-HPGN,NAD83(HARN),GCS_NAD_1983_HARN_Adj_MN_Carver,,,,,,,,,,,,,0,0,0
100104710,0,104710,0,0,0,0,,LL-HPGN,HARN.LL,LL-HPGN,NAD83(HARN),GCS_NAD_1983_HARN_Adj_MN_Cass_North,,,,,,,,,,,,,0,0,0
100104711,0,104711,0,0,0,0,,LL-HPGN,HARN.LL,LL-HPGN,NAD83(HARN),GCS_NAD_1983_HARN_Adj_MN_Cass_South,,,,,,,,,,,,,0,0,0
100104712,0,104712,0,0,0,0,,LL-HPGN,HARN.LL,LL-HPGN,NAD83(HARN),GCS_NAD_1983_HARN_Adj_MN_Chippewa,,,,,,,,,,,,,0,0,0
100104713,0,104713,0,0,0,0,,LL-HPGN,HARN.LL,LL-HPGN,NAD83(HARN),GCS_NAD_1983_HARN_Adj_MN_Chisago,,,,,,,,,,,,,0,0,0
100104714,0,104714,0,0,0,0,,LL-HPGN,HARN.LL,LL-HPGN,NAD83(HARN),GCS_NAD_1983_HARN_Adj_MN_Cook_North,,,,,,,,,,,,,0,0,0
100104715,0,104715,0,0,0,0,,LL-HPGN,HARN.LL,LL-HPGN,NAD83(HARN),GCS_NAD_1983_HARN_Adj_MN_Cook_South,,,,,,,,,,,,,0,0,0
100104716,0,104716,0,0,0,0,,LL-HPGN,HARN.LL,LL-HPGN,NAD83(HARN),GCS_NAD_1983_HARN_Adj_MN_Cottonwood,,,,,,,,,,,,,0,0,0
100104717,0,104717,0,0,0,0,,LL-HPGN,HARN.LL,LL-HPGN,NAD83(HARN),GCS_NAD_1983_HARN_Adj_MN_Crow_Wing,,,,,,,,,,,,,0,0,0
100104718,0,104718,0,0,0,0,,LL-HPGN,HARN.LL,LL-HPGN,NAD83(HARN),GCS_NAD_1983_HARN_Adj_MN_Dakota,,,,,,,,,,,,,0,0,0
100104719,0,104719,0,0,0,0,,LL-HPGN,HARN.LL,LL-HPGN,NAD83(HARN),GCS_NAD_1983_HARN_Adj_MN_Dodge,,,,,,,,,,,,,0,0,0
100104720,0,104720,0,0,0,0,,LL-HPGN,HARN.LL,LL-HPGN,NAD83(HARN),GCS_NAD_1983_HARN_Adj_MN_Douglas,,,,,,,,,,,,,0,0,0
100104721,0,104721,0,0,0,0,,LL-HPGN,HARN.LL,LL-HPGN,NAD83(HARN),GCS_NAD_1983_HARN_Adj_MN_Faribault,,,,,,,,,,,,,0,0,0
100104722,0,104722,0,0,0,0,,LL-HPGN,HARN.LL,LL-HPGN,NAD83(HARN),GCS_NAD_1983_HARN_Adj_MN_Fillmore,,,,,,,,,,,,,0,0,0
100104723,0,104723,0,0,0,0,,LL-HPGN,HARN.LL,LL-HPGN,NAD83(HARN),GCS_NAD_1983_HARN_Adj_MN_Freeborn,,,,,,,,,,,,,0,0,0
100104724,0,104724,0,0,0,0,,LL-HPGN,HARN.LL,LL-HPGN,NAD83(HARN),GCS_NAD_1983_HARN_Adj_MN_Goodhue,,,,,,,,,,,,,0,0,0
100104725,0,104725,0,0,0,0,,LL-HPGN,HARN.LL,LL-HPGN,NAD83(HARN),GCS_NAD_1983_HARN_Adj_MN_Grant,,,,,,,,,,,,,0,0,0
100104726,0,104726,0,0,0,0,,LL-HPGN,HARN.LL,LL-HPGN,NAD83(HARN),GCS_NAD_1983_HARN_Adj_MN_Hennepin,,,,,,,,,,,,,0,0,0
100104727,0,104727,0,0,0,0,,LL-HPGN,HARN.LL,LL-HPGN,NAD83(HARN),GCS_NAD_1983_HARN_Adj_MN_Houston,,,,,,,,,,,,,0,0,0
100104728,0,104728,0,0,0,0,,LL-HPGN,HARN.LL,LL-HPGN,NAD83(HARN),GCS_NAD_1983_HARN_Adj_MN_Isanti,,,,,,,,,,,,,0,0,0
100104729,0,104729,0,0,0,0,,LL-HPGN,HARN.LL,LL-HPGN,NAD83(HARN),GCS_NAD_1983_HARN_Adj_MN_Itasca_North,,,,,,,,,,,,,0,0,0
100104730,0,104730,0,0,0,0,,LL-HPGN,HARN.LL,LL-HPGN,NAD83(HARN),GCS_NAD_1983_HARN_Adj_MN_Itasca_South,,,,,,,,,,,,,0,0,0
100104731,0,104731,0,0,0,0,,LL-HPGN,HARN.LL,LL-HPGN,NAD83(HARN),GCS_NAD_1983_HARN_Adj_MN_Jackson,,,,,,,,,,,,,0,0,0
100104732,0,104732,0,0,0,0,,LL-HPGN,HARN.LL,LL-HPGN,NAD83(HARN),GCS_NAD_1983_HARN_Adj_MN_Kanabec,,,,,,,,,,,,,0,0,0
100104733,0,104733,0,0,0,0,,LL-HPGN,HARN.LL,LL-HPGN,NAD83(HARN),GCS_NAD_1983_HARN_Adj_MN_Kandiyohi,,,,,,,,,,,,,0,0,0
100104734,0,104734,0,0,0,0,,LL-HPGN,HARN.LL,LL-HPGN,NAD83(HARN),GCS_NAD_1983_HARN_Adj_MN_Kittson,,,,,,,,,,,,,0,0,0
100104735,0,104735,0,0,0,0,,LL-HPGN,HARN.LL,LL-HPGN,NAD83(HARN),GCS_NAD_1983_HARN_Adj_MN_Koochiching,,,,,,,,,,,,,0,0,0
100104736,0,104736,0,0,0,0,,LL-HPGN,HARN.LL,LL-HPGN,NAD83(HARN),GCS_NAD_1983_HARN_Adj_MN_Lac_Qui_Parle,,,,,,,,,,,,,0,0,0
100104737,0,104737,0,0,0,0,,LL-HPGN,HARN.LL,LL-HPGN,NAD83(HARN),GCS_NAD_1983_HARN_Adj_MN_Lake_of_the_Woods_North,,,,,,,,,,,,,0,0,0
100104738,0,104738,0,0,0,0,,LL-HPGN,HARN.LL,LL-HPGN,NAD83(HARN),GCS_NAD_1983_HARN_Adj_MN_Lake_of_the_Woods_South,,,,,,,,,,,,,0,0,0
100104739,0,104739,0,0,0,0,,LL-HPGN,HARN.LL,LL-HPGN,NAD83(HARN),GCS_NAD_1983_HARN_Adj_MN_Le_Sueur,,,,,,,,,,,,,0,0,0
100104740,0,104740,0,0,0,0,,LL-HPGN,HARN.LL,LL-HPGN,NAD83(HARN),GCS_NAD_1983_HARN_Adj_MN_Lincoln,,,,,,,,,,,,,0,0,0
100104741,0,104741,0,0,0,0,,LL-HPGN,HARN.LL,LL-HPGN,NAD83(HARN),GCS_NAD_1983_HARN_Adj_MN_Lyon,,,,,,,,,,,,,0,0,0
100104742,0,104742,0,0,0,0,,LL-HPGN,HARN.LL,LL-HPGN,NAD83(HARN),GCS_NAD_1983_HARN_Adj_MN_McLeod,,,,,,,,,,,,,0,0,0
100104743,0,104743,0,0,0,0,,LL-HPGN,HARN.LL,LL-HPGN,NAD83(HARN),GCS_NAD_1983_HARN_Adj_MN_Mahnomen,,,,,,,,,,,,,0,0,0
100104744,0,104744,0,0,0,0,,LL-HPGN,HARN.LL,LL-HPGN,NAD83(HARN),GCS_NAD_1983_HARN_Adj_MN_Marshall,,,,,,,,,,,,,0,0,0
100104745,0,104745,0,0,0,0,,LL-HPGN,HARN.LL,LL-HPGN,NAD83(HARN),GCS_NAD_1983_HARN_Adj_MN_Martin,,,,,,,,,,,,,0,0,0
100104746,0,104746,0,0,0,0,,LL-HPGN,HARN.LL,LL-HPGN,NAD83(HARN),GCS_NAD_1983_HARN_Adj_MN_Meeker,,,,,,,,,,,,,0,0,0
100104747,0,104747,0,0,0,0,,LL-HPGN,HARN.LL,LL-HPGN,NAD83(HARN),GCS_NAD_1983_HARN_Adj_MN_Morrison,,,,,,,,,,,,,0,0,0
100104748,0,104748,0,0,0,0,,LL-HPGN,HARN.LL,LL-HPGN,NAD83(HARN),GCS_NAD_1983_HARN_Adj_MN_Mower,,,,,,,,,,,,,0,0,0
100104749,0,104749,0,0,0,0,,LL-HPGN,HARN.LL,LL-HPGN,NAD83(HARN),GCS_NAD_1983_HARN_Adj_MN_Murray,,,,,,,,,,,,,0,0,0
100104750,0,104750,0,0,0,0,,LL-HPGN,HARN.LL,LL-HPGN,NAD83(HARN),GCS_NAD_1983_HARN_Adj_MN_Nicollet,,,,,,,,,,,,,0,0,0
100104751,0,104751,0,0,0,0,,LL-HPGN,HARN.LL,LL-HPGN,NAD83(HARN),GCS_NAD_1983_HARN_Adj_MN_Nobles,,,,,,,,,,,,,0,0,0
100104752,0,104752,0,0,0,0,,LL-HPGN,HARN.LL,LL-HPGN,NAD83(HARN),GCS_NAD_1983_HARN_Adj_MN_Norman,,,,,,,,,,,,,0,0,0
100104753,0,104753,0,0,0,0,,LL-HPGN,HARN.LL,LL-HPGN,NAD83(HARN),GCS_NAD_1983_HARN_Adj_MN_Olmsted,,,,,,,,,,,,,0,0,0
100104754,0,104754,0,0,0,0,,LL-HPGN,HARN.LL,LL-HPGN,NAD83(HARN),GCS_NAD_1983_HARN_Adj_MN_Ottertail,,,,,,,,,,,,,0,0,0
100104755,0,104755,0,0,0,0,,LL-HPGN,HARN.LL,LL-HPGN,NAD83(HARN),GCS_NAD_1983_HARN_Adj_MN_Pennington,,,,,,,,,,,,,0,0,0
100104756,0,104756,0,0,0,0,,LL-HPGN,HARN.LL,LL-HPGN,NAD83(HARN),GCS_NAD_1983_HARN_Adj_MN_Pine,,,,,,,,,,,,,0,0,0
100104757,0,104757,0,0,0,0,,LL-HPGN,HARN.LL,LL-HPGN,NAD83(HARN),GCS_NAD_1983_HARN_Adj_MN_Pipestone,,,,,,,,,,,,,0,0,0
100104758,0,104758,0,0,0,0,,LL-HPGN,HARN.LL,LL-HPGN,NAD83(HARN),GCS_NAD_1983_HARN_Adj_MN_Polk,,,,,,,,,,,,,0,0,0
100104759,0,104759,0,0,0,0,,LL-HPGN,HARN.LL,LL-HPGN,NAD83(HARN),GCS_NAD_1983_HARN_Adj_MN_Pope,,,,,,,,,,,,,0,0,0
100104760,0,104760,0,0,0,0,,LL-HPGN,HARN.LL,LL-HPGN,NAD83(HARN),GCS_NAD_1983_HARN_Adj_MN_Ramsey,,,,,,,,,,,,,0,0,0
100104761,0,104761,0,0,0,0,,LL-HPGN,HARN.LL,LL-HPGN,NAD83(HARN),GCS_NAD_1983_HARN_Adj_MN_Red_Lake,,,,,,,,,,,,,0,0,0
100104762,0,104762,0,0,0,0,,LL-HPGN,HARN.LL,LL-HPGN,NAD83(HARN),GCS_NAD_1983_HARN_Adj_MN_Redwood,,,,,,,,,,,,,0,0,0
100104763,0,104763,0,0,0,0,,LL-HPGN,HARN.LL,LL-HPGN,NAD83(HARN),GCS_NAD_1983_HARN_Adj_MN_Renville,,,,,,,,,,,,,0,0,0
100104764,0,104764,0,0,0,0,,LL-HPGN,HARN.LL,LL-HPGN,NAD83(HARN),GCS_NAD_1983_HARN_Adj_MN_Rice,,,,,,,,,,,,,0,0,0
100104765,0,104765,0,0,0,0,,LL-HPGN,HARN.LL,LL-HPGN,NAD83(HARN),GCS_NAD_1983_HARN_Adj_MN_Rock,,,,,,,,,,,,,0,0,0
100104766,0,104766,0,0,0,0,,LL-HPGN,HARN.LL,LL-HPGN,NAD83(HARN),GCS_NAD_1983_HARN_Adj_MN_Roseau,,,,,,,,,,,,,0,0,0
100104767,0,104767,0,0,0,0,,LL-HPGN,HARN.LL,LL-HPGN,NAD83(HARN),GCS_NAD_1983_HARN_Adj_MN_St_Louis_North,,,,,,,,,,,,,0,0,0
100104768,0,104768,0,0,0,0,,LL-HPGN,HARN.LL,LL-HPGN,NAD83(HARN),GCS_NAD_1983_HARN_Adj_MN_St_Louis_Central,,,,,,,,,,,,,0,0,0
100104769,0,104769,0,0,0,0,,LL-HPGN,HARN.LL,LL-HPGN,NAD83(HARN),GCS_NAD_1983_HARN_Adj_MN_St_Louis_South,,,,,,,,,,,,,0,0,0
100104770,0,104770,0,0,0,0,,LL-HPGN,HARN.LL,LL-HPGN,NAD83(HARN),GCS_NAD_1983_HARN_Adj_MN_Scott,,,,,,,,,,,,,0,0,0
100104771,0,104771,0,0,0,0,,LL-HPGN,HARN.LL,LL-HPGN,NAD83(HARN),GCS_NAD_1983_HARN_Adj_MN_Sherburne,,,,,,,,,,,,,0,0,0
100104772,0,104772,0,0,0,0,,LL-HPGN,HARN.LL,LL-HPGN,NAD83(HARN),GCS_NAD_1983_HARN_Adj_MN_Sibley,,,,,,,,,,,,,0,0,0
100104773,0,104773,0,0,0,0,,LL-HPGN,HARN.LL,LL-HPGN,NAD83(HARN),GCS_NAD_1983_HARN_Adj_MN_Stearns,,,,,,,,,,,,,0,0,0
100104774,0,104774,0,0,0,0,,LL-HPGN,HARN.LL,LL-HPGN,NAD83(HARN),GCS_NAD_1983_HARN_Adj_MN_Steele,,,,,,,,,,,,,0,0,0
100104775,0,104775,0,0,0,0,,LL-HPGN,HARN.LL,LL-HPGN,NAD83(HARN),GCS_NAD_1983_HARN_Adj_MN_Stevens,,,,,,,,,,,,,0,0,0
100104776,0,104776,0,0,0,0,,LL-HPGN,HARN.LL,LL-HPGN,NAD83(HARN),GCS_NAD_1983_HARN_Adj_MN_Swift,,,,,,,,,,,,,0,0,0
100104777,0,104777,0,0,0,0,,LL-HPGN,HARN.LL,LL-HPGN,NAD83(HARN),GCS_NAD_1983_HARN_Adj_MN_Todd,,,,,,,,,,,,,0,0,0
100104778,0,104778,0,0,0,0,,LL-HPGN,HARN.LL,LL-HPGN,NAD83(HARN),GCS_NAD_1983_HARN_Adj_MN_Traverse,,,,,,,,,,,,,0,0,0
100104779,0,104779,0,0,0,0,,LL-HPGN,HARN.LL,LL-HPGN,NAD83(HARN),GCS_NAD_1983_HARN_Adj_MN_Wabasha,,,,,,,,,,,,,0,0,0
100104780,0,104780,0,0,0,0,,LL-HPGN,HARN.LL,LL-HPGN,NAD83(HARN),GCS_NAD_1983_HARN_Adj_MN_Wadena,,,,,,,,,,,,,0,0,0
100104781,0,104781,0,0,0,0,,LL-HPGN,HARN.LL,LL-HPGN,NAD83(HARN),GCS_NAD_1983_HARN_Adj_MN_Waseca,,,,,,,,,,,,,0,0,0
100104782,0,104782,0,0,0,0,,LL-HPGN,HARN.LL,LL-HPGN,NAD83(HARN),GCS_NAD_1983_HARN_Adj_MN_Watonwan,,,,,,,,,,,,,0,0,0
100104783,0,104783,0,0,0,0,,LL-HPGN,HARN.LL,LL-HPGN,NAD83(HARN),GCS_NAD_1983_HARN_Adj_MN_Winona,,,,,,,,,,,,,0,0,0
100104784,0,104784,0,0,0,0,,LL-HPGN,HARN.LL,LL-HPGN,NAD83(HARN),GCS_NAD_1983_HARN_Adj_MN_Wright,,,,,,,,,,,,,0,0,0
100104785,0,104785,0,0,0,0,,LL-HPGN,HARN.LL,LL-HPGN,NAD83(HARN),GCS_NAD_1983_HARN_Adj_MN_Yellow_Medicine,,,,,,,,,,,,,0,0,0
100104800,0,104800,0,0,0,0,,LL-HPGN,HARN.LL,LL-HPGN,NAD83(HARN),GCS_NAD_1983_HARN_Adj_WI_Adams,,,,,,,,,,,,,0,0,0
100104801,0,104801,0,0,0,0,,LL-HPGN,HARN.LL,LL-HPGN,NAD83(HARN),GCS_NAD_1983_HARN_Adj_WI_Ashland,,,,,,,,,,,,,0,0,0
100104802,0,104802,0,0,0,0,,LL-HPGN,HARN.LL,LL-HPGN,NAD83(HARN),GCS_NAD_1983_HARN_Adj_WI_Barron,,,,,,,,,,,,,0,0,0
100104803,0,104803,0,0,0,0,,LL-HPGN,HARN.LL,LL-HPGN,NAD83(HARN),GCS_NAD_1983_HARN_Adj_WI_Bayfield,,,,,,,,,,,,,0,0,0
100104804,0,104804,0,0,0,0,,LL-HPGN,HARN.LL,LL-HPGN,NAD83(HARN),GCS_NAD_1983_HARN_Adj_WI_Brown,,,,,,,,,,,,,0,0,0
100104805,0,104805,0,0,0,0,,LL-HPGN,HARN.LL,LL-HPGN,NAD83(HARN),GCS_NAD_1983_HARN_Adj_WI_Buffalo,,,,,,,,,,,,,0,0,0
100104806,0,104806,0,0,0,0,,LL-HPGN,HARN.LL,LL-HPGN,NAD83(HARN),GCS_NAD_1983_HARN_Adj_WI_Burnett,,,,,,,,,,,,,0,0,0
100104807,0,104807,0,0,0,0,,LL-HPGN,HARN.LL,LL-HPGN,NAD83(HARN),GCS_NAD_1983_HARN_Adj_WI_Calumet,,,,,,,,,,,,,0,0,0
100104808,0,104808,0,0,0,0,,LL-HPGN,HARN.LL,LL-HPGN,NAD83(HARN),GCS_NAD_1983_HARN_Adj_WI_Chippewa,,,,,,,,,,,,,0,0,0
100104809,0,104809,0,0,0,0,,LL-HPGN,HARN.LL,LL-HPGN,NAD83(HARN),GCS_NAD_1983_HARN_Adj_WI_Clark,,,,,,,,,,,,,0,0,0
100104810,0,104810,0,0,0,0,,LL-HPGN,HARN.LL,LL-HPGN,NAD83(HARN),GCS_NAD_1983_HARN_Adj_WI_Columbia,,,,,,,,,,,,,0,0,0
100104811,0,104811,0,0,0,0,,LL-HPGN,HARN.LL,LL-HPGN,NAD83(HARN),GCS_NAD_1983_HARN_Adj_WI_Crawford,,,,,,,,,,,,,0,0,0
100104812,0,104812,0,0,0,0,,LL-HPGN,HARN.LL,LL-HPGN,NAD83(HARN),GCS_NAD_1983_HARN_Adj_WI_Dane,,,,,,,,,,,,,0,0,0
100104813,0,104813,0,0,0,0,,LL-HPGN,HARN.LL,LL-HPGN,NAD83(HARN),GCS_NAD_1983_HARN_Adj_WI_Dodge,,,,,,,,,,,,,0,0,0
100104814,0,104814,0,0,0,0,,LL-HPGN,HARN.LL,LL-HPGN,NAD83(HARN),GCS_NAD_1983_HARN_Adj_WI_Door,,,,,,,,,,,,,0,0,0
100104815,0,104815,0,0,0,0,,LL-HPGN,HARN.LL,LL-HPGN,NAD83(HARN),GCS_NAD_1983_HARN_Adj_WI_Douglas,,,,,,,,,,,,,0,0,0
100104816,0,104816,0,0,0,0,,LL-HPGN,HARN.LL,LL-HPGN,NAD83(HARN),GCS_NAD_1983_HARN_Adj_WI_Dunn,,,,,,,,,,,,,0,0,0
100104817,0,104817,0,0,0,0,,LL-HPGN,HARN.LL,LL-HPGN,NAD83(HARN),GCS_NAD_1983_HARN_Adj_WI_EauClaire,,,,,,,,,,,,,0,0,0
100104818,0,104818,0,0,0,0,,LL-HPGN,HARN.LL,LL-HPGN,NAD83(HARN),GCS_NAD_1983_HARN_Adj_WI_Florence,,,,,,,,,,,,,0,0,0
100104819,0,104819,0,0,0,0,,LL-HPGN,HARN.LL,LL-HPGN,NAD83(HARN),GCS_NAD_1983_HARN_Adj_WI_FondduLac,,,,,,,,,,,,,0,0,0
100104820,0,104820,0,0,0,0,,LL-HPGN,HARN.LL,LL-HPGN,NAD83(HARN),GCS_NAD_1983_HARN_Adj_WI_Forest,,,,,,,,,,,,,0,0,0
100104821,0,104821,0,0,0,0,,LL-HPGN,HARN.LL,LL-HPGN,NAD83(HARN),GCS_NAD_1983_HARN_Adj_WI_Grant,,,,,,,,,,,,,0,0,0
100104822,0,104822,0,0,0,0,,LL-HPGN,HARN.LL,LL-HPGN,NAD83(HARN),GCS_NAD_1983_HARN_Adj_WI_Green,,,,,,,,,,,,,0,0,0
100104823,0,104823,0,0,0,0,,LL-HPGN,HARN.LL,LL-HPGN,NAD83(HARN),GCS_NAD_1983_HARN_Adj_WI_GreenLake,,,,,,,,,,,,,0,0,0
100104824,0,104824,0,0,0,0,,LL-HPGN,HARN.LL,LL-HPGN,NAD83(HARN),GCS_NAD_1983_HARN_Adj_WI_Iowa,,,,,,,,,,,,,0,0,0
100104825,0,104825,0,0,0,0,,LL-HPGN,HARN.LL,LL-HPGN,NAD83(HARN),GCS_NAD_1983_HARN_Adj_WI_Iron,,,,,,,,,,,,,0,0,0
100104826,0,104826,0,0,0,0,,LL-HPGN,HARN.LL,LL-HPGN,NAD83(HARN),GCS_NAD_1983_HARN_Adj_WI_Jackson,,,,,,,,,,,,,0,0,0
100104827,0,104827,0,0,0,0,,LL-HPGN,HARN.LL,LL-HPGN,NAD83(HARN),GCS_NAD_1983_HARN_Adj_WI_Jefferson,,,,,,,,,,,,,0,0,0
100104828,0,104828,0,0,0,0,,LL-HPGN,HARN.LL,LL-HPGN,NAD83(HARN),GCS_NAD_1983_HARN_Adj_WI_Juneau,,,,,,,,,,,,,0,0,0
100104829,0,104829,0,0,0,0,,LL-HPGN,HARN.LL,LL-HPGN,NAD83(HARN),GCS_NAD_1983_HARN_Adj_WI_Kenosha,,,,,,,,,,,,,0,0,0
100104830,0,104830,0,0,0,0,,LL-HPGN,HARN.LL,LL-HPGN,NAD83(HARN),GCS_NAD_1983_HARN_Adj_WI_Kewaunee,,,,,,,,,,,,,0,0,0
100104831,0,104831,0,0,0,0,,LL-HPGN,HARN.LL,LL-HPGN,NAD83(HARN),GCS_NAD_1983_HARN_Adj_WI_LaCrosse,,,,,,,,,,,,,0,0,0
100104832,0,104832,0,0,0,0,,LL-HPGN,HARN.LL,LL-HPGN,NAD83(HARN),GCS_NAD_1983_HARN_Adj_WI_Lafayette,,,,,,,,,,,,,0,0,0
100104833,0,104833,0,0,0,0,,LL-HPGN,HARN.LL,LL-HPGN,NAD83(HARN),GCS_NAD_1983_HARN_Adj_WI_Langlade,,,,,,,,,,,,,0,0,0
100104834,0,104834,0,0,0,0,,LL-HPGN,HARN.LL,LL-HPGN,NAD83(HARN),GCS_NAD_1983_HARN_Adj_WI_Lincoln,,,,,,,,,,,,,0,0,0
100104835,0,104835,0,0,0,0,,LL-HPGN,HARN.LL,LL-HPGN,NAD83(HARN),GCS_NAD_1983_HARN_Adj_WI_Manitowoc,,,,,,,,,,,,,0,0,0
100104836,0,104836,0,0,0,0,,LL-HPGN,HARN.LL,LL-HPGN,NAD83(HARN),GCS_NAD_1983_HARN_Adj_WI_Marathon,,,,,,,,,,,,,0,0,0
100104837,0,104837,0,0,0,0,,LL-HPGN,HARN.LL,LL-HPGN,NAD83(HARN),GCS_NAD_1983_HARN_Adj_WI_Marinette,,,,,,,,,,,,,0,0,0
100104838,0,104838,0,0,0,0,,LL-HPGN,HARN.LL,LL-HPGN,NAD83(HARN),GCS_NAD_1983_HARN_Adj_WI_Marquette,,,,,,,,,,,,,0,0,0
100104839,0,104839,0,0,0,0,,LL-HPGN,HARN.LL,LL-HPGN,NAD83(HARN),GCS_NAD_1983_HARN_Adj_WI_Menominee,,,,,,,,,,,,,0,0,0
100104840,0,104840,0,0,0,0,,LL-HPGN,HARN.LL,LL-HPGN,NAD83(HARN),GCS_NAD_1983_HARN_Adj_WI_Milwaukee,,,,,,,,,,,,,0,0,0
100104841,0,104841,0,0,0,0,,LL-HPGN,HARN.LL,LL-HPGN,NAD83(HARN),GCS_NAD_1983_HARN_Adj_WI_Monroe,,,,,,,,,,,,,0,0,0
100104842,0,104842,0,0,0,0,,LL-HPGN,HARN.LL,LL-HPGN,NAD83(HARN),GCS_NAD_1983_HARN_Adj_WI_Oconto,,,,,,,,,,,,,0,0,0
100104843,0,104843,0,0,0,0,,LL-HPGN,HARN.LL,LL-HPGN,NAD83(HARN),GCS_NAD_1983_HARN_Adj_WI_Oneida,,,,,,,,,,,,,0,0,0
100104844,0,104844,0,0,0,0,,LL-HPGN,HARN.LL,LL-HPGN,NAD83(HARN),GCS_NAD_1983_HARN_Adj_WI_Outagamie,,,,,,,,,,,,,0,0,0
100104845,0,104845,0,0,0,0,,LL-HPGN,HARN.LL,LL-HPGN,NAD83(HARN),GCS_NAD_1983_HARN_Adj_WI_Ozaukee,,,,,,,,,,,,,0,0,0
100104846,0,104846,0,0,0,0,,LL-HPGN,HARN.LL,LL-HPGN,NAD83(HARN),GCS_NAD_1983_HARN_Adj_WI_Pepin,,,,,,,,,,,,,0,0,0
100104847,0,104847,0,0,0,0,,LL-HPGN,HARN.LL,LL-HPGN,NAD83(HARN),GCS_NAD_1983_HARN_Adj_WI_Pierce,,,,,,,,,,,,,0,0,0
100104848,0,104848,0,0,0,0,,LL-HPGN,HARN.LL,LL-HPGN,NAD83(HARN),GCS_NAD_1983_HARN_Adj_WI_Polk,,,,,,,,,,,,,0,0,0
100104849,0,104849,0,0,0,0,,LL-HPGN,HARN.LL,LL-HPGN,NAD83(HARN),GCS_NAD_1983_HARN_Adj_WI_Portage,,,,,,,,,,,,,0,0,0
100104850,0,104850,0,0,0,0,,LL-HPGN,HARN.LL,LL-HPGN,NAD83(HARN),GCS_NAD_1983_HARN_Adj_WI_Price,,,,,,,,,,,,,0,0,0
100104851,0,104851,0,0,0,0,,LL-HPGN,HARN.LL,LL-HPGN,NAD83(HARN),GCS_NAD_1983_HARN_Adj_WI_Racine,,,,,,,,,,,,,0,0,0
100104852,0,104852,0,0,0,0,,LL-HPGN,HARN.LL,LL-HPGN,NAD83(HARN),GCS_NAD_1983_HARN_Adj_WI_Richland,,,,,,,,,,,,,0,0,0
100104853,0,104853,0,0,0,0,,LL-HPGN,HARN.LL,LL-HPGN,NAD83(HARN),GCS_NAD_1983_HARN_Adj_WI_Rock,,,,,,,,,,,,,0,0,0
100104854,0,104854,0,0,0,0,,LL-HPGN,HARN.LL,LL-HPGN,NAD83(HARN),GCS_NAD_1983_HARN_Adj_WI_Rusk,,,,,,,,,,,,,0,0,0
100104855,0,104855,0,0,0,0,,LL-HPGN,HARN.LL,LL-HPGN,NAD83(HARN),GCS_NAD_1983_HARN_Adj_WI_StCroix,,,,,,,,,,,,,0,0,0
100104856,0,104856,0,0,0,0,,LL-HPGN,HARN.LL,LL-HPGN,NAD83(HARN),GCS_NAD_1983_HARN_Adj_WI_Sauk,,,,,,,,,,,,,0,0,0
100104857,0,104857,0,0,0,0,,LL-HPGN,HARN.LL,LL-HPGN,NAD83(HARN),GCS_NAD_1983_HARN_Adj_WI_Sawyer,,,,,,,,,,,,,0,0,0
100104858,0,104858,0,0,0,0,,LL-HPGN,HARN.LL,LL-HPGN,NAD83(HARN),GCS_NAD_1983_HARN_Adj_WI_Shawano,,,,,,,,,,,,,0,0,0
100104859,0,104859,0,0,0,0,,LL-HPGN,HARN.LL,LL-HPGN,NAD83(HARN),GCS_NAD_1983_HARN_Adj_WI_Sheboygan,,,,,,,,,,,,,0,0,0
100104860,0,104860,0,0,0,0,,LL-HPGN,HARN.LL,LL-HPGN,NAD83(HARN),GCS_NAD_1983_HARN_Adj_WI_Taylor,,,,,,,,,,,,,0,0,0
100104861,0,104861,0,0,0,0,,LL-HPGN,HARN.LL,LL-HPGN,NAD83(HARN),GCS_NAD_1983_HARN_Adj_WI_Trempealeau,,,,,,,,,,,,,0,0,0
100104862,0,104862,0,0,0,0,,LL-HPGN,HARN.LL,LL-HPGN,NAD83(HARN),GCS_NAD_1983_HARN_Adj_WI_Vernon,,,,,,,,,,,,,0,0,0
100104863,0,104863,0,0,0,0,,LL-HPGN,HARN.LL,LL-HPGN,NAD83(HARN),GCS_NAD_1983_HARN_Adj_WI_Vilas,,,,,,,,,,,,,0,0,0
100104864,0,104864,0,0,0,0,,LL-HPGN,HARN.LL,LL-HPGN,NAD83(HARN),GCS_NAD_1983_HARN_Adj_WI_Walworth,,,,,,,,,,,,,0,0,0
100104865,0,104865,0,0,0,0,,LL-HPGN,HARN.LL,LL-HPGN,NAD83(HARN),GCS_NAD_1983_HARN_Adj_WI_Washburn,,,,,,,,,,,,,0,0,0
100104866,0,104866,0,0,0,0,,LL-HPGN,HARN.LL,LL-HPGN,NAD83(HARN),GCS_NAD_1983_HARN_Adj_WI_Washington,,,,,,,,,,,,,0,0,0
100104867,0,104867,0,0,0,0,,LL-HPGN,HARN.LL,LL-HPGN,NAD83(HARN),GCS_NAD_1983_HARN_Adj_WI_Waukesha,,,,,,,,,,,,,0,0,0
100104868,0,104868,0,0,0,0,,LL-HPGN,HARN.LL,LL-HPGN,NAD83(HARN),GCS_NAD_1983_HARN_Adj_WI_Waupaca,,,,,,,,,,,,,0,0,0
100104869,0,104869,0,0,0,0,,LL-HPGN,HARN.LL,LL-HPGN,NAD83(HARN),GCS_NAD_1983_HARN_Adj_WI_Waushara,,,,,,,,,,,,,0,0,0
100104870,0,104870,0,0,0,0,,LL-HPGN,HARN.LL,LL-HPGN,NAD83(HARN),GCS_NAD_1983_HARN_Adj_WI_Winnebago,,,,,,,,,,,,,0,0,0
100104871,0,104871,0,0,0,0,,LL-HPGN,HARN.LL,LL-HPGN,NAD83(HARN),GCS_NAD_1983_HARN_Adj_WI_Wood,,,,,,,,,,,,,0,0,0
202000004,0,0,2000004,0,0,0,,,,,,,South American 1969,,,,,,,,,,,,0,0,0
202000006,0,0,2000006,0,0,0,,,,,,,NAD 83 (Continental US),,,,,,,,,,,,0,0,0
202000007,0,0,2000007,0,0,0,,,,,,,NAD 27 (Continental US),,,,,,,,,,,,0,0,0
202000008,0,0,2000008,0,0,0,,,,,,,NTF (Paris meridian),,,,,,,,,,,,0,0,0
202000009,0,0,2000009,0,0,0,,,,,,,NAD 27 (Michigan),,,,,,,,,,,,0,0,0
202000010,0,0,2000010,0,0,0,,,,,,,NAD 27 (Canada),,,,,,,,,,,,0,0,0
202000011,0,0,2000011,0,0,0,,,,,,,NAD 27 (Alaska),,,,,,,,,,,,0,0,0
202000012,0,0,2000012,0,0,0,,,,,,,Geodetic Datum of Australia 1994,,,,,,,,,,,,0,0,0
202000013,0,0,2000013,0,0,0,,,,,,,Geodetic Datum 1949,,,,,,,,,,,,0,0,0
202000014,0,0,2000014,0,0,0,,,,,,,European 1950,,,,,,,,,,,,0,0,0
202000015,0,0,2000015,0,0,0,,,,,,,ETRS 89,,,,,,,,,,,,0,0,0
202000017,0,0,2000017,0,0,0,,,,,,,Australian Geodetic 1984,,,,,,,,,,,,0,0,0
202000018,0,0,2000018,0,0,0,,,,,,,Australian Geodetic 1966,,,,,,,,,,,,0,0,0
202000020,0,0,2000020,0,0,0,,,,,,,RT 90 (Sweden),,,,,,,,,,,,0,0,0
202000021,0,0,2000021,0,0,0,,,,,,,Ordnance Survey Great Brit,,,,,,,,,,,,0,0,0
202000022,0,0,2000022,0,0,0,,,,,,,Netherlands Bessel,,,,,,,,,,,,0,0,0
202000023,0,0,2000023,0,0,0,,,,,,,NAD 83,,,,,,,,,,,,0,0,0
202000024,0,0,2000024,0,0,0,,,,,,,Melrica 1973 (D73),,,,,,,,,,,,0,0,0
202000025,0,0,2000025,0,0,0,,,,,,,Lisboa (DLx),,,,,,,,,,,,0,0,0
202000026,0,0,2000026,0,0,0,,,,,,,Ireland 1965,,,,,,,,,,,,0,0,0
202000027,0,0,2000027,0,0,0,,,,,,,European 1950 (Denmark),,,,,,,,,,,,0,0,0
202000028,0,0,2000028,0,0,0,,,,,,,NAD 83 (Alaska),,,,,,,,,,,,0,0,0
202000029,0,0,2000029,0,0,0,,,,,,,CH 1903 (Switzerland),,,,,,,,,,,,0,0,0
202000030,0,0,2000030,0,0,0,,,,,,,Belgium Hayford,,,,,,,,,,,,0,0,0
202000067,0,0,2000067,0,0,0,,,,,,,TWD67,,,,,,,,,,,,0,0,0
202000097,0,0,2000097,0,0,0,,,,,,,TWD97,,,,,,,,,,,,0,0,0
0,0,0,0,0,0,0,,,,INDIAN.LL,,,,,,,,,,"Longitude / Latitude (Indian for Bangladesh, India, Nepal)",,,,,,,
0,0,0,0,0,0,0,,,,INDIANTV.LL,,,,,,,,,,"Longitude / Latitude (Indian for Thailand, Vietnam)",,,,,,,
0,0,0,0,0,0,0,,,,LUZON-MI.LL,,,,,,,,,,Longitude / Latitude (Luzon for Mindanao Island),,,,,,,
0,0,0,0,0,0,0,,,,NAD27-CZ.LL,,,,,,,,,,Longitude / Latitude (NAD 27 for Canal Zone),,,,,,,
0,0,0,0,0,0,0,,,,NAD27-CB.LL,,,,,,,,,,Longitude / Latitude (NAD 27 for Carribbean)|Longitude / Latitude (NAD 27 for Cuba),,,,,,,
0,0,0,0,0,0,0,,,,NAD27-CA.LL,,,,,,,,,,Longitude / Latitude (NAD 27 for Central America),,,,,,,
0,0,0,0,0,0,0,,,,NAD27-GR.LL,,,,,,,,,,Longitude / Latitude (NAD 27 for Greenland),,,,,,,
0,0,0,0,0,0,0,,,,NAD27-MX.LL,,,,,,,,,,Longitude / Latitude (NAD 27 for Mexico),,,,,,,
0,0,0,0,0,0,0,,,,BAHAMAS.LL,,,,,,,,,,Longitude / Latitude (NAD 27 for Bahamas),,,,,,,
0,0,0,0,0,0,0,,,,BAH-SAN.LL,,,,,,,,,,Longitude / Latitude (NAD 27 for San Salvador Island),,,,,,,
0,0,0,0,0,0,0,,,,SANTO.LL,,,,,,,,,,Longitude / Latitude (Santo DOS),,,,,,,
0,0,37206,0,0,0,0,0,OMAN.LL,,OMAN.LL,,GCS_Oman,,,,,,,,,,,"The ESRI name used in these entries is superficial.  It was added so that a conversion to, and than from, ESRI WKT will produce the same CS-MAP name.  This was considered necessary as the CS-MAP OMAN datum definition uses the DMA multiple regression technique which is different.  Otherwise, we would just use the Fahud datum.",,,,
0,0,0,0,0,0,0,,WAKE.LL,,WAKE.LL,,GCS_Wake_Eniwetok_1960,,,,,,,,,,,,,0,0,0
0,0,0,0,0,0,0,0,LL-ED50,,LL-ED50,,LL-ED50,LL-ED50,,,,,,,,,,"The ESRI name used in these entries is superficial.  It was added so that a conversion to, and than from, ESRI WKT will produce the same CS-MAP name.  While the results obtained without this entry are numerically correct. The addition of this entry produces more cosmetically pleasing results. ",,,,
0,0,0,0,0,0,0,0,LL-NTF,,LL-NTF,,LL-NTF,,,,,,,,,,,"The ESRI name used in these entries is superficial.  It was added so that a conversion to, and than from, ESRI WKT will produce the same CS-MAP name.  While the results obtained without this entry are numerically correct. The addition of this entry produces more cosmetically pleasing results. ",,,,
0,0,0,0,0,0,0,0,LL-OSGB-7P,,LL-OSGB-7P,,LL-OSGB-7P,LL-OSGB-7P,,,,,,,,,,"The ESRI name used in these entries is superficial.  It was added so that a conversion to, and than from, ESRI WKT will produce the same CS-MAP name.  While the results obtained without this entry are numerically correct. The addition of this entry produces more cosmetically pleasing results. ",,,,
0,0,0,0,0,0,0,0,LLSA69,,LLSA69,,LLSA69,,,,,,,,,,,"The ESRI name used in these entries is superficial.  It was added so that a conversion to, and than from, ESRI WKT will produce the same CS-MAP name.  While the results obtained without this entry are numerically correct. The addition of this entry produces more cosmetically pleasing results. ",,,,
0,0,0,0,0,0,0,0,LL-SJTSK,,LL-SJTSK,,__LL-SJTSK,__LL-SJTSK,,,,,,,,,,"The ESRI name used in these entries is superficial.  It was added so that a conversion to, and than from, ESRI WKT will produce the same CS-MAP name.  While the results obtained without this entry are numerically correct. The addition of this entry produces more cosmetically pleasing results. ",,,,
0,0,0,0,0,0,0,0,LL-SJTSK95,,LL-SJTSK95,,__LL-SJTSK95,__LL-SJTSK95,,,,,,,,,,"The ESRI name used in these entries is superficial.  It was added so that a conversion to, and than from, ESRI WKT will produce the same CS-MAP name.  While the results obtained without this entry are numerically correct. The addition of this entry produces more cosmetically pleasing results. ",,,,
0,0,0,0,0,0,0,0,TMBLI-B.LL,,TMBLI-B.LL,,TMBLI-B.LL,TMBLI-B.LL,,,,,,,TMBLI-B.LL,,,"The ESRI name used in these entries is superficial.  It was added so that a conversion to, and than from, ESRI WKT will produce the same CS-MAP name.  While the results obtained without this entry are numerically correct. The addition of this entry produces more cosmetically pleasing results. ",,,,
0,0,0,0,0,0,0,0,WORLD-LL,,WORLD-LL,,WORLD-LL,WORLD-LL,,,,,,,,,,"The ESRI name used in these entries is superficial.  It was added so that a conversion to, and than from, ESRI WKT will produce the same CS-MAP name.  While the results obtained without this entry are numerically correct. The addition of this entry produces more cosmetically pleasing results. ",,,,
0,0,0,0,0,0,0,0,WPLL27,,WPLL27,,gcs_WPLL27,,,,,,,,,,,"The ESRI name used in these entries is superficial.  These definitions should be converted to, and from, WKT using the AXIS capability of WKT.  Since this was not the case, these superfluous names were invented in an attempt to get these definitions to convert to and from WKT.  This issue should be addressed and these entries removed. ",,,,
0,0,0,0,0,0,0,0,WPLL83,,WPLL83,,gcs_WPLL83,,,,,,,,,,,"The ESRI name used in these entries is superficial.  These definitions should be converted to, and from, WKT using the AXIS capability of WKT.  Since this was not the case, these superfluous names were invented in an attempt to get these definitions to convert to and from WKT.  This issue should be addressed and these entries removed. ",,,,
0,0,0,0,0,0,0,0,WPLL84,,WPLL84,,gcs_WPLL84,,,,,,,,,,,"The ESRI name used in these entries is superficial.  These definitions should be converted to, and from, WKT using the AXIS capability of WKT.  Since this was not the case, these superfluous names were invented in an attempt to get these definitions to convert to and from WKT.  This issue should be addressed and these entries removed. ",,,,
0,0,0,0,0,0,0,0,LL27-WP,,LL27-WP,,gcs_LL27_WP,,,,,,,,,,,"The ESRI name used in these entries is superficial.  These definitions should be converted to, and from, WKT using the AXIS capability of WKT.  Since this was not the case, these superfluous names were invented in an attempt to get these definitions to convert to and from WKT.  This issue should be addressed and these entries removed. ",,,,
0,0,0,0,0,0,0,0,LL83-WP,,LL83-WP,,gcs_LL83_WP,,,,,,,,,,,"The ESRI name used in these entries is superficial.  These definitions should be converted to, and from, WKT using the AXIS capability of WKT.  Since this was not the case, these superfluous names were invented in an attempt to get these definitions to convert to and from WKT.  This issue should be addressed and these entries removed. ",,,,
0,0,0,0,0,0,0,0,LL84-WP,,LL84-WP,,gcs_LL84_WP,,,,,,,,,,,"The ESRI name used in these entries is superficial.  These definitions should be converted to, and from, WKT using the AXIS capability of WKT.  Since this was not the case, these superfluous names were invented in an attempt to get these definitions to convert to and from WKT.  This issue should be addressed and these entries removed. ",,,,
